08-Jul-2026 17:41:00.662 INFO [main] org.apache.catalina.startup.VersionLoggerListener.log Server version name:   Apache Tomcat/9.0.120
08-Jul-2026 17:41:00.673 INFO [main] org.apache.catalina.startup.VersionLoggerListener.log Server built:          Jul 3 2026 07:49:53 UTC
08-Jul-2026 17:41:00.673 INFO [main] org.apache.catalina.startup.VersionLoggerListener.log Server version number: 9.0.120.0
08-Jul-2026 17:41:00.674 INFO [main] org.apache.catalina.startup.VersionLoggerListener.log OS Name:               Windows 10
08-Jul-2026 17:41:00.674 INFO [main] org.apache.catalina.startup.VersionLoggerListener.log OS Version:            10.0
08-Jul-2026 17:41:00.674 INFO [main] org.apache.catalina.startup.VersionLoggerListener.log Architecture:          amd64
08-Jul-2026 17:41:00.675 INFO [main] org.apache.catalina.startup.VersionLoggerListener.log Java Home:             C:\Program Files\Java\jdk-17
08-Jul-2026 17:41:00.675 INFO [main] org.apache.catalina.startup.VersionLoggerListener.log JVM Version:           17.0.10+11-LTS-240
08-Jul-2026 17:41:00.675 INFO [main] org.apache.catalina.startup.VersionLoggerListener.log JVM Vendor:            Oracle Corporation
08-Jul-2026 17:41:00.676 INFO [main] org.apache.catalina.startup.VersionLoggerListener.log CATALINA_BASE:         C:\Users\Dell\Downloads\apache-tomcat-9.0.120
08-Jul-2026 17:41:00.677 INFO [main] org.apache.catalina.startup.VersionLoggerListener.log CATALINA_HOME:         C:\Users\Dell\Downloads\apache-tomcat-9.0.120
08-Jul-2026 17:41:00.705 INFO [main] org.apache.catalina.startup.VersionLoggerListener.log Command line argument: --add-opens=java.base/java.lang=ALL-UNNAMED
08-Jul-2026 17:41:00.705 INFO [main] org.apache.catalina.startup.VersionLoggerListener.log Command line argument: --add-opens=java.base/java.lang.invoke=ALL-UNNAMED
08-Jul-2026 17:41:00.705 INFO [main] org.apache.catalina.startup.VersionLoggerListener.log Command line argument: --add-opens=java.base/java.lang.reflect=ALL-UNNAMED
08-Jul-2026 17:41:00.706 INFO [main] org.apache.catalina.startup.VersionLoggerListener.log Command line argument: --add-opens=java.base/java.io=ALL-UNNAMED
08-Jul-2026 17:41:00.706 INFO [main] org.apache.catalina.startup.VersionLoggerListener.log Command line argument: --add-opens=java.base/java.util=ALL-UNNAMED
08-Jul-2026 17:41:00.707 INFO [main] org.apache.catalina.startup.VersionLoggerListener.log Command line argument: --add-opens=java.base/java.util.concurrent=ALL-UNNAMED
08-Jul-2026 17:41:00.708 INFO [main] org.apache.catalina.startup.VersionLoggerListener.log Command line argument: --add-opens=java.rmi/sun.rmi.transport=ALL-UNNAMED
08-Jul-2026 17:41:00.708 INFO [main] org.apache.catalina.startup.VersionLoggerListener.log Command line argument: -Djava.util.logging.config.file=C:\Users\Dell\Downloads\apache-tomcat-9.0.120\conf\logging.properties
08-Jul-2026 17:41:00.709 INFO [main] org.apache.catalina.startup.VersionLoggerListener.log Command line argument: -Djava.util.logging.manager=org.apache.juli.ClassLoaderLogManager
08-Jul-2026 17:41:00.710 INFO [main] org.apache.catalina.startup.VersionLoggerListener.log Command line argument: -Djdk.tls.ephemeralDHKeySize=2048
08-Jul-2026 17:41:00.711 INFO [main] org.apache.catalina.startup.VersionLoggerListener.log Command line argument: -Djava.protocol.handler.pkgs=org.apache.catalina.webresources
08-Jul-2026 17:41:00.711 INFO [main] org.apache.catalina.startup.VersionLoggerListener.log Command line argument: -Dsun.io.useCanonCaches=false
08-Jul-2026 17:41:00.712 INFO [main] org.apache.catalina.startup.VersionLoggerListener.log Command line argument: -Dignore.endorsed.dirs=
08-Jul-2026 17:41:00.713 INFO [main] org.apache.catalina.startup.VersionLoggerListener.log Command line argument: -Dcatalina.base=C:\Users\Dell\Downloads\apache-tomcat-9.0.120
08-Jul-2026 17:41:00.714 INFO [main] org.apache.catalina.startup.VersionLoggerListener.log Command line argument: -Dcatalina.home=C:\Users\Dell\Downloads\apache-tomcat-9.0.120
08-Jul-2026 17:41:00.714 INFO [main] org.apache.catalina.startup.VersionLoggerListener.log Command line argument: -Djava.io.tmpdir=C:\Users\Dell\Downloads\apache-tomcat-9.0.120\temp
08-Jul-2026 17:41:00.720 INFO [main] org.apache.catalina.core.AprLifecycleListener.lifecycleEvent Loaded Apache Tomcat Native library [1.3.8] using APR version [1.7.6].
08-Jul-2026 17:41:00.723 INFO [main] org.apache.catalina.core.AprLifecycleListener.lifecycleEvent APR capabilities: IPv6 [true], sendfile [true], accept filters [false], random [true], UDS [true].
08-Jul-2026 17:41:00.723 INFO [main] org.apache.catalina.core.AprLifecycleListener.lifecycleEvent APR/OpenSSL configuration: useAprConnector [false], useOpenSSL [true]
08-Jul-2026 17:41:00.733 INFO [main] org.apache.catalina.core.AprLifecycleListener.initializeSSL OpenSSL successfully initialized [OpenSSL 3.0.21 9 Jun 2026]
08-Jul-2026 17:41:01.271 INFO [main] org.apache.coyote.AbstractProtocol.init Initializing ProtocolHandler ["http-nio-8080"]
08-Jul-2026 17:41:01.332 INFO [main] org.apache.catalina.startup.Catalina.load Server initialization in [1246] milliseconds
08-Jul-2026 17:41:01.461 INFO [main] org.apache.catalina.core.StandardService.startInternal Starting service [Catalina]
08-Jul-2026 17:41:01.462 INFO [main] org.apache.catalina.core.StandardEngine.startInternal Starting Servlet engine: [Apache Tomcat/9.0.120]
08-Jul-2026 17:41:01.477 INFO [main] org.apache.catalina.startup.HostConfig.deployDirectory Deploying web application directory [C:\Users\Dell\Downloads\apache-tomcat-9.0.120\webapps\docs]
08-Jul-2026 17:41:02.220 WARNING [main] org.apache.catalina.util.SessionIdGeneratorBase.createSecureRandom Creation of SecureRandom instance for session ID generation using [SHA1PRNG] took [109] milliseconds.
08-Jul-2026 17:41:02.293 INFO [main] org.apache.catalina.startup.HostConfig.deployDirectory Deployment of web application directory [C:\Users\Dell\Downloads\apache-tomcat-9.0.120\webapps\docs] has finished in [815] ms
08-Jul-2026 17:41:02.294 INFO [main] org.apache.catalina.startup.HostConfig.deployDirectory Deploying web application directory [C:\Users\Dell\Downloads\apache-tomcat-9.0.120\webapps\examples]
08-Jul-2026 17:41:03.387 INFO [main] org.apache.catalina.startup.HostConfig.deployDirectory Deployment of web application directory [C:\Users\Dell\Downloads\apache-tomcat-9.0.120\webapps\examples] has finished in [1,093] ms
08-Jul-2026 17:41:03.388 INFO [main] org.apache.catalina.startup.HostConfig.deployDirectory Deploying web application directory [C:\Users\Dell\Downloads\apache-tomcat-9.0.120\webapps\host-manager]
08-Jul-2026 17:41:03.475 INFO [main] org.apache.catalina.startup.HostConfig.deployDirectory Deployment of web application directory [C:\Users\Dell\Downloads\apache-tomcat-9.0.120\webapps\host-manager] has finished in [87] ms
08-Jul-2026 17:41:03.476 INFO [main] org.apache.catalina.startup.HostConfig.deployDirectory Deploying web application directory [C:\Users\Dell\Downloads\apache-tomcat-9.0.120\webapps\manager]
08-Jul-2026 17:41:03.550 INFO [main] org.apache.catalina.startup.HostConfig.deployDirectory Deployment of web application directory [C:\Users\Dell\Downloads\apache-tomcat-9.0.120\webapps\manager] has finished in [73] ms
08-Jul-2026 17:41:03.550 INFO [main] org.apache.catalina.startup.HostConfig.deployDirectory Deploying web application directory [C:\Users\Dell\Downloads\apache-tomcat-9.0.120\webapps\ROOT]
08-Jul-2026 17:41:03.610 INFO [main] org.apache.catalina.startup.HostConfig.deployDirectory Deployment of web application directory [C:\Users\Dell\Downloads\apache-tomcat-9.0.120\webapps\ROOT] has finished in [59] ms
08-Jul-2026 17:41:03.615 INFO [main] org.apache.coyote.AbstractProtocol.start Starting ProtocolHandler ["http-nio-8080"]
08-Jul-2026 17:41:03.689 INFO [main] org.apache.catalina.startup.Catalina.start Server startup in [2356] milliseconds
08-Jul-2026 17:41:35.696 INFO [Thread-1] org.apache.coyote.AbstractProtocol.pause Pausing ProtocolHandler ["http-nio-8080"]
08-Jul-2026 17:41:35.744 INFO [Thread-1] org.apache.catalina.core.StandardService.stopInternal Stopping service [Catalina]
08-Jul-2026 17:41:35.799 INFO [Thread-1] org.apache.coyote.AbstractProtocol.stop Stopping ProtocolHandler ["http-nio-8080"]
08-Jul-2026 17:41:35.820 INFO [Thread-1] org.apache.coyote.AbstractProtocol.destroy Destroying ProtocolHandler ["http-nio-8080"]
08-Jul-2026 17:44:32.557 INFO [main] org.apache.catalina.startup.VersionLoggerListener.log Server version name:   Apache Tomcat/9.0.120
08-Jul-2026 17:44:32.570 INFO [main] org.apache.catalina.startup.VersionLoggerListener.log Server built:          Jul 3 2026 07:49:53 UTC
08-Jul-2026 17:44:32.570 INFO [main] org.apache.catalina.startup.VersionLoggerListener.log Server version number: 9.0.120.0
08-Jul-2026 17:44:32.571 INFO [main] org.apache.catalina.startup.VersionLoggerListener.log OS Name:               Windows 10
08-Jul-2026 17:44:32.571 INFO [main] org.apache.catalina.startup.VersionLoggerListener.log OS Version:            10.0
08-Jul-2026 17:44:32.571 INFO [main] org.apache.catalina.startup.VersionLoggerListener.log Architecture:          amd64
08-Jul-2026 17:44:32.571 INFO [main] org.apache.catalina.startup.VersionLoggerListener.log Java Home:             C:\Program Files\Java\jdk-17
08-Jul-2026 17:44:32.572 INFO [main] org.apache.catalina.startup.VersionLoggerListener.log JVM Version:           17.0.10+11-LTS-240
08-Jul-2026 17:44:32.572 INFO [main] org.apache.catalina.startup.VersionLoggerListener.log JVM Vendor:            Oracle Corporation
08-Jul-2026 17:44:32.572 INFO [main] org.apache.catalina.startup.VersionLoggerListener.log CATALINA_BASE:         C:\Users\Dell\Downloads\apache-tomcat-9.0.120
08-Jul-2026 17:44:32.572 INFO [main] org.apache.catalina.startup.VersionLoggerListener.log CATALINA_HOME:         C:\Users\Dell\Downloads\apache-tomcat-9.0.120
08-Jul-2026 17:44:32.593 INFO [main] org.apache.catalina.startup.VersionLoggerListener.log Command line argument: --add-opens=java.base/java.lang=ALL-UNNAMED
08-Jul-2026 17:44:32.594 INFO [main] org.apache.catalina.startup.VersionLoggerListener.log Command line argument: --add-opens=java.base/java.lang.invoke=ALL-UNNAMED
08-Jul-2026 17:44:32.594 INFO [main] org.apache.catalina.startup.VersionLoggerListener.log Command line argument: --add-opens=java.base/java.lang.reflect=ALL-UNNAMED
08-Jul-2026 17:44:32.594 INFO [main] org.apache.catalina.startup.VersionLoggerListener.log Command line argument: --add-opens=java.base/java.io=ALL-UNNAMED
08-Jul-2026 17:44:32.595 INFO [main] org.apache.catalina.startup.VersionLoggerListener.log Command line argument: --add-opens=java.base/java.util=ALL-UNNAMED
08-Jul-2026 17:44:32.596 INFO [main] org.apache.catalina.startup.VersionLoggerListener.log Command line argument: --add-opens=java.base/java.util.concurrent=ALL-UNNAMED
08-Jul-2026 17:44:32.597 INFO [main] org.apache.catalina.startup.VersionLoggerListener.log Command line argument: --add-opens=java.rmi/sun.rmi.transport=ALL-UNNAMED
08-Jul-2026 17:44:32.598 INFO [main] org.apache.catalina.startup.VersionLoggerListener.log Command line argument: -Djava.util.logging.config.file=C:\Users\Dell\Downloads\apache-tomcat-9.0.120\conf\logging.properties
08-Jul-2026 17:44:32.598 INFO [main] org.apache.catalina.startup.VersionLoggerListener.log Command line argument: -Djava.util.logging.manager=org.apache.juli.ClassLoaderLogManager
08-Jul-2026 17:44:32.599 INFO [main] org.apache.catalina.startup.VersionLoggerListener.log Command line argument: -Djdk.tls.ephemeralDHKeySize=2048
08-Jul-2026 17:44:32.600 INFO [main] org.apache.catalina.startup.VersionLoggerListener.log Command line argument: -Djava.protocol.handler.pkgs=org.apache.catalina.webresources
08-Jul-2026 17:44:32.601 INFO [main] org.apache.catalina.startup.VersionLoggerListener.log Command line argument: -Dsun.io.useCanonCaches=false
08-Jul-2026 17:44:32.602 INFO [main] org.apache.catalina.startup.VersionLoggerListener.log Command line argument: -Dignore.endorsed.dirs=
08-Jul-2026 17:44:32.602 INFO [main] org.apache.catalina.startup.VersionLoggerListener.log Command line argument: -Dcatalina.base=C:\Users\Dell\Downloads\apache-tomcat-9.0.120
08-Jul-2026 17:44:32.603 INFO [main] org.apache.catalina.startup.VersionLoggerListener.log Command line argument: -Dcatalina.home=C:\Users\Dell\Downloads\apache-tomcat-9.0.120
08-Jul-2026 17:44:32.603 INFO [main] org.apache.catalina.startup.VersionLoggerListener.log Command line argument: -Djava.io.tmpdir=C:\Users\Dell\Downloads\apache-tomcat-9.0.120\temp
08-Jul-2026 17:44:32.608 INFO [main] org.apache.catalina.core.AprLifecycleListener.lifecycleEvent Loaded Apache Tomcat Native library [1.3.8] using APR version [1.7.6].
08-Jul-2026 17:44:32.610 INFO [main] org.apache.catalina.core.AprLifecycleListener.lifecycleEvent APR capabilities: IPv6 [true], sendfile [true], accept filters [false], random [true], UDS [true].
08-Jul-2026 17:44:32.611 INFO [main] org.apache.catalina.core.AprLifecycleListener.lifecycleEvent APR/OpenSSL configuration: useAprConnector [false], useOpenSSL [true]
08-Jul-2026 17:44:32.618 INFO [main] org.apache.catalina.core.AprLifecycleListener.initializeSSL OpenSSL successfully initialized [OpenSSL 3.0.21 9 Jun 2026]
08-Jul-2026 17:44:33.011 INFO [main] org.apache.coyote.AbstractProtocol.init Initializing ProtocolHandler ["http-nio-8080"]
08-Jul-2026 17:44:33.050 INFO [main] org.apache.catalina.startup.Catalina.load Server initialization in [819] milliseconds
08-Jul-2026 17:44:33.130 INFO [main] org.apache.catalina.core.StandardService.startInternal Starting service [Catalina]
08-Jul-2026 17:44:33.131 INFO [main] org.apache.catalina.core.StandardEngine.startInternal Starting Servlet engine: [Apache Tomcat/9.0.120]
08-Jul-2026 17:44:33.148 INFO [main] org.apache.catalina.startup.HostConfig.deployDirectory Deploying web application directory [C:\Users\Dell\Downloads\apache-tomcat-9.0.120\webapps\docs]
08-Jul-2026 17:44:33.690 INFO [main] org.apache.catalina.startup.HostConfig.deployDirectory Deployment of web application directory [C:\Users\Dell\Downloads\apache-tomcat-9.0.120\webapps\docs] has finished in [543] ms
08-Jul-2026 17:44:33.691 INFO [main] org.apache.catalina.startup.HostConfig.deployDirectory Deploying web application directory [C:\Users\Dell\Downloads\apache-tomcat-9.0.120\webapps\examples]
08-Jul-2026 17:44:34.188 INFO [main] org.apache.catalina.startup.HostConfig.deployDirectory Deployment of web application directory [C:\Users\Dell\Downloads\apache-tomcat-9.0.120\webapps\examples] has finished in [497] ms
08-Jul-2026 17:44:34.189 INFO [main] org.apache.catalina.startup.HostConfig.deployDirectory Deploying web application directory [C:\Users\Dell\Downloads\apache-tomcat-9.0.120\webapps\host-manager]
08-Jul-2026 17:44:34.235 INFO [main] org.apache.catalina.startup.HostConfig.deployDirectory Deployment of web application directory [C:\Users\Dell\Downloads\apache-tomcat-9.0.120\webapps\host-manager] has finished in [46] ms
08-Jul-2026 17:44:34.236 INFO [main] org.apache.catalina.startup.HostConfig.deployDirectory Deploying web application directory [C:\Users\Dell\Downloads\apache-tomcat-9.0.120\webapps\manager]
08-Jul-2026 17:44:34.281 INFO [main] org.apache.catalina.startup.HostConfig.deployDirectory Deployment of web application directory [C:\Users\Dell\Downloads\apache-tomcat-9.0.120\webapps\manager] has finished in [44] ms
08-Jul-2026 17:44:34.282 INFO [main] org.apache.catalina.startup.HostConfig.deployDirectory Deploying web application directory [C:\Users\Dell\Downloads\apache-tomcat-9.0.120\webapps\ROOT]
08-Jul-2026 17:44:34.312 INFO [main] org.apache.catalina.startup.HostConfig.deployDirectory Deployment of web application directory [C:\Users\Dell\Downloads\apache-tomcat-9.0.120\webapps\ROOT] has finished in [31] ms
08-Jul-2026 17:44:34.322 INFO [main] org.apache.coyote.AbstractProtocol.start Starting ProtocolHandler ["http-nio-8080"]
08-Jul-2026 17:44:34.370 INFO [main] org.apache.catalina.startup.Catalina.start Server startup in [1319] milliseconds
08-Jul-2026 17:44:51.701 INFO [Thread-1] org.apache.coyote.AbstractProtocol.pause Pausing ProtocolHandler ["http-nio-8080"]
08-Jul-2026 17:44:51.967 INFO [Thread-1] org.apache.catalina.core.StandardService.stopInternal Stopping service [Catalina]
08-Jul-2026 17:44:51.987 INFO [Thread-1] org.apache.coyote.AbstractProtocol.stop Stopping ProtocolHandler ["http-nio-8080"]
08-Jul-2026 17:44:51.997 INFO [Thread-1] org.apache.coyote.AbstractProtocol.destroy Destroying ProtocolHandler ["http-nio-8080"]
08-Jul-2026 17:46:33.057 INFO [main] org.apache.catalina.startup.VersionLoggerListener.log Server version name:   Apache Tomcat/9.0.120
08-Jul-2026 17:46:33.065 INFO [main] org.apache.catalina.startup.VersionLoggerListener.log Server built:          Jul 3 2026 07:49:53 UTC
08-Jul-2026 17:46:33.066 INFO [main] org.apache.catalina.startup.VersionLoggerListener.log Server version number: 9.0.120.0
08-Jul-2026 17:46:33.066 INFO [main] org.apache.catalina.startup.VersionLoggerListener.log OS Name:               Windows 10
08-Jul-2026 17:46:33.066 INFO [main] org.apache.catalina.startup.VersionLoggerListener.log OS Version:            10.0
08-Jul-2026 17:46:33.066 INFO [main] org.apache.catalina.startup.VersionLoggerListener.log Architecture:          amd64
08-Jul-2026 17:46:33.066 INFO [main] org.apache.catalina.startup.VersionLoggerListener.log Java Home:             C:\Program Files\Java\jdk-17
08-Jul-2026 17:46:33.068 INFO [main] org.apache.catalina.startup.VersionLoggerListener.log JVM Version:           17.0.10+11-LTS-240
08-Jul-2026 17:46:33.068 INFO [main] org.apache.catalina.startup.VersionLoggerListener.log JVM Vendor:            Oracle Corporation
08-Jul-2026 17:46:33.068 INFO [main] org.apache.catalina.startup.VersionLoggerListener.log CATALINA_BASE:         C:\Users\Dell\Downloads\apache-tomcat-9.0.120
08-Jul-2026 17:46:33.068 INFO [main] org.apache.catalina.startup.VersionLoggerListener.log CATALINA_HOME:         C:\Users\Dell\Downloads\apache-tomcat-9.0.120
08-Jul-2026 17:46:33.085 INFO [main] org.apache.catalina.startup.VersionLoggerListener.log Command line argument: --add-opens=java.base/java.lang=ALL-UNNAMED
08-Jul-2026 17:46:33.086 INFO [main] org.apache.catalina.startup.VersionLoggerListener.log Command line argument: --add-opens=java.base/java.lang.invoke=ALL-UNNAMED
08-Jul-2026 17:46:33.086 INFO [main] org.apache.catalina.startup.VersionLoggerListener.log Command line argument: --add-opens=java.base/java.lang.reflect=ALL-UNNAMED
08-Jul-2026 17:46:33.087 INFO [main] org.apache.catalina.startup.VersionLoggerListener.log Command line argument: --add-opens=java.base/java.io=ALL-UNNAMED
08-Jul-2026 17:46:33.087 INFO [main] org.apache.catalina.startup.VersionLoggerListener.log Command line argument: --add-opens=java.base/java.util=ALL-UNNAMED
08-Jul-2026 17:46:33.088 INFO [main] org.apache.catalina.startup.VersionLoggerListener.log Command line argument: --add-opens=java.base/java.util.concurrent=ALL-UNNAMED
08-Jul-2026 17:46:33.089 INFO [main] org.apache.catalina.startup.VersionLoggerListener.log Command line argument: --add-opens=java.rmi/sun.rmi.transport=ALL-UNNAMED
08-Jul-2026 17:46:33.089 INFO [main] org.apache.catalina.startup.VersionLoggerListener.log Command line argument: -Djava.util.logging.config.file=C:\Users\Dell\Downloads\apache-tomcat-9.0.120\conf\logging.properties
08-Jul-2026 17:46:33.090 INFO [main] org.apache.catalina.startup.VersionLoggerListener.log Command line argument: -Djava.util.logging.manager=org.apache.juli.ClassLoaderLogManager
08-Jul-2026 17:46:33.090 INFO [main] org.apache.catalina.startup.VersionLoggerListener.log Command line argument: -Djdk.tls.ephemeralDHKeySize=2048
08-Jul-2026 17:46:33.091 INFO [main] org.apache.catalina.startup.VersionLoggerListener.log Command line argument: -Djava.protocol.handler.pkgs=org.apache.catalina.webresources
08-Jul-2026 17:46:33.092 INFO [main] org.apache.catalina.startup.VersionLoggerListener.log Command line argument: -Dsun.io.useCanonCaches=false
08-Jul-2026 17:46:33.092 INFO [main] org.apache.catalina.startup.VersionLoggerListener.log Command line argument: -Dignore.endorsed.dirs=
08-Jul-2026 17:46:33.093 INFO [main] org.apache.catalina.startup.VersionLoggerListener.log Command line argument: -Dcatalina.base=C:\Users\Dell\Downloads\apache-tomcat-9.0.120
08-Jul-2026 17:46:33.093 INFO [main] org.apache.catalina.startup.VersionLoggerListener.log Command line argument: -Dcatalina.home=C:\Users\Dell\Downloads\apache-tomcat-9.0.120
08-Jul-2026 17:46:33.094 INFO [main] org.apache.catalina.startup.VersionLoggerListener.log Command line argument: -Djava.io.tmpdir=C:\Users\Dell\Downloads\apache-tomcat-9.0.120\temp
08-Jul-2026 17:46:33.099 INFO [main] org.apache.catalina.core.AprLifecycleListener.lifecycleEvent Loaded Apache Tomcat Native library [1.3.8] using APR version [1.7.6].
08-Jul-2026 17:46:33.073 INFO [main] org.apache.catalina.startup.VersionLoggerListener.log Server version name:   Apache Tomcat/9.0.120
08-Jul-2026 17:46:33.081 INFO [main] org.apache.catalina.startup.VersionLoggerListener.log Server built:          Jul 3 2026 07:49:53 UTC
08-Jul-2026 17:46:33.082 INFO [main] org.apache.catalina.startup.VersionLoggerListener.log Server version number: 9.0.120.0
08-Jul-2026 17:46:33.083 INFO [main] org.apache.catalina.startup.VersionLoggerListener.log OS Name:               Windows 10
08-Jul-2026 17:46:33.083 INFO [main] org.apache.catalina.startup.VersionLoggerListener.log OS Version:            10.0
08-Jul-2026 17:46:33.083 INFO [main] org.apache.catalina.startup.VersionLoggerListener.log Architecture:          amd64
08-Jul-2026 17:46:33.083 INFO [main] org.apache.catalina.startup.VersionLoggerListener.log Java Home:             C:\Program Files\Java\jdk-17
08-Jul-2026 17:46:33.084 INFO [main] org.apache.catalina.startup.VersionLoggerListener.log JVM Version:           17.0.10+11-LTS-240
08-Jul-2026 17:46:33.084 INFO [main] org.apache.catalina.startup.VersionLoggerListener.log JVM Vendor:            Oracle Corporation
08-Jul-2026 17:46:33.084 INFO [main] org.apache.catalina.startup.VersionLoggerListener.log CATALINA_BASE:         C:\Users\Dell\Downloads\apache-tomcat-9.0.120
08-Jul-2026 17:46:33.085 INFO [main] org.apache.catalina.startup.VersionLoggerListener.log CATALINA_HOME:         C:\Users\Dell\Downloads\apache-tomcat-9.0.120
08-Jul-2026 17:46:33.100 INFO [main] org.apache.catalina.startup.VersionLoggerListener.log Command line argument: --add-opens=java.base/java.lang=ALL-UNNAMED
08-Jul-2026 17:46:33.101 INFO [main] org.apache.catalina.startup.VersionLoggerListener.log Command line argument: --add-opens=java.base/java.lang.invoke=ALL-UNNAMED
08-Jul-2026 17:46:33.102 INFO [main] org.apache.catalina.startup.VersionLoggerListener.log Command line argument: --add-opens=java.base/java.lang.reflect=ALL-UNNAMED
08-Jul-2026 17:46:33.102 INFO [main] org.apache.catalina.startup.VersionLoggerListener.log Command line argument: --add-opens=java.base/java.io=ALL-UNNAMED
08-Jul-2026 17:46:33.102 INFO [main] org.apache.catalina.core.AprLifecycleListener.lifecycleEvent APR capabilities: IPv6 [true], sendfile [true], accept filters [false], random [true], UDS [true].
08-Jul-2026 17:46:33.103 INFO [main] org.apache.catalina.startup.VersionLoggerListener.log Command line argument: --add-opens=java.base/java.util=ALL-UNNAMED
08-Jul-2026 17:46:33.104 INFO [main] org.apache.catalina.core.AprLifecycleListener.lifecycleEvent APR/OpenSSL configuration: useAprConnector [false], useOpenSSL [true]
08-Jul-2026 17:46:33.104 INFO [main] org.apache.catalina.startup.VersionLoggerListener.log Command line argument: --add-opens=java.base/java.util.concurrent=ALL-UNNAMED
08-Jul-2026 17:46:33.105 INFO [main] org.apache.catalina.startup.VersionLoggerListener.log Command line argument: --add-opens=java.rmi/sun.rmi.transport=ALL-UNNAMED
08-Jul-2026 17:46:33.106 INFO [main] org.apache.catalina.startup.VersionLoggerListener.log Command line argument: -Djava.util.logging.config.file=C:\Users\Dell\Downloads\apache-tomcat-9.0.120\conf\logging.properties
08-Jul-2026 17:46:33.107 INFO [main] org.apache.catalina.startup.VersionLoggerListener.log Command line argument: -Djava.util.logging.manager=org.apache.juli.ClassLoaderLogManager
08-Jul-2026 17:46:33.108 INFO [main] org.apache.catalina.startup.VersionLoggerListener.log Command line argument: -Djdk.tls.ephemeralDHKeySize=2048
08-Jul-2026 17:46:33.108 INFO [main] org.apache.catalina.startup.VersionLoggerListener.log Command line argument: -Djava.protocol.handler.pkgs=org.apache.catalina.webresources
08-Jul-2026 17:46:33.109 INFO [main] org.apache.catalina.startup.VersionLoggerListener.log Command line argument: -Dsun.io.useCanonCaches=false
08-Jul-2026 17:46:33.109 INFO [main] org.apache.catalina.startup.VersionLoggerListener.log Command line argument: -Dignore.endorsed.dirs=
08-Jul-2026 17:46:33.110 INFO [main] org.apache.catalina.startup.VersionLoggerListener.log Command line argument: -Dcatalina.base=C:\Users\Dell\Downloads\apache-tomcat-9.0.120
08-Jul-2026 17:46:33.110 INFO [main] org.apache.catalina.startup.VersionLoggerListener.log Command line argument: -Dcatalina.home=C:\Users\Dell\Downloads\apache-tomcat-9.0.120
08-Jul-2026 17:46:33.111 INFO [main] org.apache.catalina.startup.VersionLoggerListener.log Command line argument: -Djava.io.tmpdir=C:\Users\Dell\Downloads\apache-tomcat-9.0.120\temp
08-Jul-2026 17:46:33.113 INFO [main] org.apache.catalina.core.AprLifecycleListener.initializeSSL OpenSSL successfully initialized [OpenSSL 3.0.21 9 Jun 2026]
08-Jul-2026 17:46:33.116 INFO [main] org.apache.catalina.core.AprLifecycleListener.lifecycleEvent Loaded Apache Tomcat Native library [1.3.8] using APR version [1.7.6].
08-Jul-2026 17:46:33.118 INFO [main] org.apache.catalina.core.AprLifecycleListener.lifecycleEvent APR capabilities: IPv6 [true], sendfile [true], accept filters [false], random [true], UDS [true].
08-Jul-2026 17:46:33.120 INFO [main] org.apache.catalina.core.AprLifecycleListener.lifecycleEvent APR/OpenSSL configuration: useAprConnector [false], useOpenSSL [true]
08-Jul-2026 17:46:33.131 INFO [main] org.apache.catalina.core.AprLifecycleListener.initializeSSL OpenSSL successfully initialized [OpenSSL 3.0.21 9 Jun 2026]
08-Jul-2026 17:46:33.655 INFO [main] org.apache.coyote.AbstractProtocol.init Initializing ProtocolHandler ["http-nio-2026"]
08-Jul-2026 17:46:33.680 INFO [main] org.apache.coyote.AbstractProtocol.init Initializing ProtocolHandler ["http-nio-2026"]
08-Jul-2026 17:46:33.702 INFO [main] org.apache.catalina.startup.Catalina.load Server initialization in [903] milliseconds
08-Jul-2026 17:46:33.719 SEVERE [main] org.apache.catalina.util.LifecycleBase.handleSubClassException Failed to initialize component [Connector["http-nio-2026"]]
	org.apache.catalina.LifecycleException: Protocol handler initialization failed
		at org.apache.catalina.connector.Connector.initInternal(Connector.java:1273)
		at org.apache.catalina.util.LifecycleBase.init(LifecycleBase.java:128)
		at org.apache.catalina.core.StandardService.initInternal(StandardService.java:543)
		at org.apache.catalina.util.LifecycleBase.init(LifecycleBase.java:128)
		at org.apache.catalina.core.StandardServer.initInternal(StandardServer.java:991)
		at org.apache.catalina.util.LifecycleBase.init(LifecycleBase.java:128)
		at org.apache.catalina.startup.Catalina.load(Catalina.java:810)
		at org.apache.catalina.startup.Catalina.load(Catalina.java:835)
		at java.base/jdk.internal.reflect.NativeMethodAccessorImpl.invoke0(Native Method)
		at java.base/jdk.internal.reflect.NativeMethodAccessorImpl.invoke(NativeMethodAccessorImpl.java:77)
		at java.base/jdk.internal.reflect.DelegatingMethodAccessorImpl.invoke(DelegatingMethodAccessorImpl.java:43)
		at java.base/java.lang.reflect.Method.invoke(Method.java:568)
		at org.apache.catalina.startup.Bootstrap.load(Bootstrap.java:305)
		at org.apache.catalina.startup.Bootstrap.main(Bootstrap.java:484)
	Caused by: java.net.BindException: Address already in use: bind
		at java.base/sun.nio.ch.Net.bind0(Native Method)
		at java.base/sun.nio.ch.Net.bind(Net.java:555)
		at java.base/sun.nio.ch.ServerSocketChannelImpl.netBind(ServerSocketChannelImpl.java:337)
		at java.base/sun.nio.ch.ServerSocketChannelImpl.bind(ServerSocketChannelImpl.java:294)
		at org.apache.tomcat.util.net.NioEndpoint.initServerSocket(NioEndpoint.java:370)
		at org.apache.tomcat.util.net.NioEndpoint.bind(NioEndpoint.java:320)
		at org.apache.tomcat.util.net.AbstractEndpoint.bindWithCleanup(AbstractEndpoint.java:1987)
		at org.apache.tomcat.util.net.AbstractEndpoint.init(AbstractEndpoint.java:2005)
		at org.apache.coyote.AbstractProtocol.init(AbstractProtocol.java:992)
		at org.apache.coyote.http11.AbstractHttp11Protocol.init(AbstractHttp11Protocol.java:93)
		at org.apache.catalina.connector.Connector.initInternal(Connector.java:1271)
		... 13 more
08-Jul-2026 17:46:33.723 INFO [main] org.apache.catalina.startup.Catalina.load Server initialization in [919] milliseconds
08-Jul-2026 17:46:33.787 INFO [main] org.apache.catalina.core.StandardService.startInternal Starting service [Catalina]
08-Jul-2026 17:46:33.788 INFO [main] org.apache.catalina.core.StandardEngine.startInternal Starting Servlet engine: [Apache Tomcat/9.0.120]
08-Jul-2026 17:46:33.802 INFO [main] org.apache.catalina.core.StandardService.startInternal Starting service [Catalina]
08-Jul-2026 17:46:33.803 INFO [main] org.apache.catalina.core.StandardEngine.startInternal Starting Servlet engine: [Apache Tomcat/9.0.120]
08-Jul-2026 17:46:33.806 INFO [main] org.apache.catalina.startup.HostConfig.deployDirectory Deploying web application directory [C:\Users\Dell\Downloads\apache-tomcat-9.0.120\webapps\docs]
08-Jul-2026 17:46:33.816 INFO [main] org.apache.catalina.startup.HostConfig.deployDirectory Deploying web application directory [C:\Users\Dell\Downloads\apache-tomcat-9.0.120\webapps\docs]
08-Jul-2026 17:46:34.310 INFO [main] org.apache.catalina.startup.HostConfig.deployDirectory Deployment of web application directory [C:\Users\Dell\Downloads\apache-tomcat-9.0.120\webapps\docs] has finished in [502] ms
08-Jul-2026 17:46:34.310 INFO [main] org.apache.catalina.startup.HostConfig.deployDirectory Deploying web application directory [C:\Users\Dell\Downloads\apache-tomcat-9.0.120\webapps\examples]
08-Jul-2026 17:46:34.320 INFO [main] org.apache.catalina.startup.HostConfig.deployDirectory Deployment of web application directory [C:\Users\Dell\Downloads\apache-tomcat-9.0.120\webapps\docs] has finished in [502] ms
08-Jul-2026 17:46:34.321 INFO [main] org.apache.catalina.startup.HostConfig.deployDirectory Deploying web application directory [C:\Users\Dell\Downloads\apache-tomcat-9.0.120\webapps\examples]
08-Jul-2026 17:46:34.999 INFO [main] org.apache.catalina.startup.HostConfig.deployDirectory Deployment of web application directory [C:\Users\Dell\Downloads\apache-tomcat-9.0.120\webapps\examples] has finished in [689] ms
08-Jul-2026 17:46:35.000 INFO [main] org.apache.catalina.startup.HostConfig.deployDirectory Deploying web application directory [C:\Users\Dell\Downloads\apache-tomcat-9.0.120\webapps\host-manager]
08-Jul-2026 17:46:35.008 INFO [main] org.apache.catalina.startup.HostConfig.deployDirectory Deployment of web application directory [C:\Users\Dell\Downloads\apache-tomcat-9.0.120\webapps\examples] has finished in [687] ms
08-Jul-2026 17:46:35.010 INFO [main] org.apache.catalina.startup.HostConfig.deployDirectory Deploying web application directory [C:\Users\Dell\Downloads\apache-tomcat-9.0.120\webapps\host-manager]
08-Jul-2026 17:46:35.080 INFO [main] org.apache.catalina.startup.HostConfig.deployDirectory Deployment of web application directory [C:\Users\Dell\Downloads\apache-tomcat-9.0.120\webapps\host-manager] has finished in [79] ms
08-Jul-2026 17:46:35.082 INFO [main] org.apache.catalina.startup.HostConfig.deployDirectory Deploying web application directory [C:\Users\Dell\Downloads\apache-tomcat-9.0.120\webapps\manager]
08-Jul-2026 17:46:35.097 INFO [main] org.apache.catalina.startup.HostConfig.deployDirectory Deployment of web application directory [C:\Users\Dell\Downloads\apache-tomcat-9.0.120\webapps\host-manager] has finished in [88] ms
08-Jul-2026 17:46:35.099 INFO [main] org.apache.catalina.startup.HostConfig.deployDirectory Deploying web application directory [C:\Users\Dell\Downloads\apache-tomcat-9.0.120\webapps\manager]
08-Jul-2026 17:46:35.154 INFO [main] org.apache.catalina.startup.HostConfig.deployDirectory Deployment of web application directory [C:\Users\Dell\Downloads\apache-tomcat-9.0.120\webapps\manager] has finished in [72] ms
08-Jul-2026 17:46:35.156 INFO [main] org.apache.catalina.startup.HostConfig.deployDirectory Deploying web application directory [C:\Users\Dell\Downloads\apache-tomcat-9.0.120\webapps\ROOT]
08-Jul-2026 17:46:35.179 INFO [main] org.apache.catalina.startup.HostConfig.deployDirectory Deployment of web application directory [C:\Users\Dell\Downloads\apache-tomcat-9.0.120\webapps\manager] has finished in [79] ms
08-Jul-2026 17:46:35.180 INFO [main] org.apache.catalina.startup.HostConfig.deployDirectory Deploying web application directory [C:\Users\Dell\Downloads\apache-tomcat-9.0.120\webapps\ROOT]
08-Jul-2026 17:46:35.207 INFO [main] org.apache.catalina.startup.HostConfig.deployDirectory Deployment of web application directory [C:\Users\Dell\Downloads\apache-tomcat-9.0.120\webapps\ROOT] has finished in [52] ms
08-Jul-2026 17:46:35.217 INFO [main] org.apache.coyote.AbstractProtocol.start Starting ProtocolHandler ["http-nio-2026"]
08-Jul-2026 17:46:35.240 INFO [main] org.apache.catalina.startup.HostConfig.deployDirectory Deployment of web application directory [C:\Users\Dell\Downloads\apache-tomcat-9.0.120\webapps\ROOT] has finished in [59] ms
08-Jul-2026 17:46:35.246 INFO [main] org.apache.catalina.startup.Catalina.start Server startup in [1518] milliseconds
08-Jul-2026 17:46:35.284 INFO [main] org.apache.catalina.startup.Catalina.start Server startup in [1579] milliseconds
08-Jul-2026 17:46:35.293 SEVERE [main] org.apache.catalina.core.StandardServer.await Failed to create server shutdown socket on address [localhost] and port [8005] (base port [8005] and offset [0])
	java.net.BindException: Address already in use: bind
		at java.base/sun.nio.ch.Net.bind0(Native Method)
		at java.base/sun.nio.ch.Net.bind(Net.java:555)
		at java.base/sun.nio.ch.Net.bind(Net.java:544)
		at java.base/sun.nio.ch.NioSocketImpl.bind(NioSocketImpl.java:648)
		at java.base/java.net.ServerSocket.bind(ServerSocket.java:388)
		at java.base/java.net.ServerSocket.<init>(ServerSocket.java:274)
		at org.apache.catalina.core.StandardServer.await(StandardServer.java:540)
		at org.apache.catalina.startup.Catalina.await(Catalina.java:951)
		at org.apache.catalina.startup.Catalina.start(Catalina.java:899)
		at java.base/jdk.internal.reflect.NativeMethodAccessorImpl.invoke0(Native Method)
		at java.base/jdk.internal.reflect.NativeMethodAccessorImpl.invoke(NativeMethodAccessorImpl.java:77)
		at java.base/jdk.internal.reflect.DelegatingMethodAccessorImpl.invoke(DelegatingMethodAccessorImpl.java:43)
		at java.base/java.lang.reflect.Method.invoke(Method.java:568)
		at org.apache.catalina.startup.Bootstrap.start(Bootstrap.java:348)
		at org.apache.catalina.startup.Bootstrap.main(Bootstrap.java:485)
08-Jul-2026 17:46:35.295 INFO [main] org.apache.coyote.AbstractProtocol.pause Pausing ProtocolHandler ["http-nio-2026"]
08-Jul-2026 17:46:35.523 INFO [main] org.apache.catalina.core.StandardService.stopInternal Stopping service [Catalina]
08-Jul-2026 17:46:35.561 INFO [main] org.apache.coyote.AbstractProtocol.stop Stopping ProtocolHandler ["http-nio-2026"]
08-Jul-2026 17:46:35.570 INFO [main] org.apache.coyote.AbstractProtocol.destroy Destroying ProtocolHandler ["http-nio-2026"]
08-Jul-2026 17:47:37.756 INFO [Thread-1] org.apache.coyote.AbstractProtocol.pause Pausing ProtocolHandler ["http-nio-2026"]
08-Jul-2026 17:47:37.758 INFO [Thread-1] org.apache.catalina.core.StandardService.stopInternal Stopping service [Catalina]
08-Jul-2026 17:47:37.828 INFO [Thread-1] org.apache.coyote.AbstractProtocol.stop Stopping ProtocolHandler ["http-nio-2026"]
08-Jul-2026 17:47:37.829 INFO [Thread-1] org.apache.coyote.AbstractProtocol.destroy Destroying ProtocolHandler ["http-nio-2026"]
08-Jul-2026 17:48:53.178 INFO [main] org.apache.catalina.startup.VersionLoggerListener.log Server version name:   Apache Tomcat/9.0.120
08-Jul-2026 17:48:53.191 INFO [main] org.apache.catalina.startup.VersionLoggerListener.log Server built:          Jul 3 2026 07:49:53 UTC
08-Jul-2026 17:48:53.191 INFO [main] org.apache.catalina.startup.VersionLoggerListener.log Server version number: 9.0.120.0
08-Jul-2026 17:48:53.192 INFO [main] org.apache.catalina.startup.VersionLoggerListener.log OS Name:               Windows 10
08-Jul-2026 17:48:53.192 INFO [main] org.apache.catalina.startup.VersionLoggerListener.log OS Version:            10.0
08-Jul-2026 17:48:53.192 INFO [main] org.apache.catalina.startup.VersionLoggerListener.log Architecture:          amd64
08-Jul-2026 17:48:53.193 INFO [main] org.apache.catalina.startup.VersionLoggerListener.log Java Home:             C:\Program Files\Java\jdk-17
08-Jul-2026 17:48:53.193 INFO [main] org.apache.catalina.startup.VersionLoggerListener.log JVM Version:           17.0.10+11-LTS-240
08-Jul-2026 17:48:53.194 INFO [main] org.apache.catalina.startup.VersionLoggerListener.log JVM Vendor:            Oracle Corporation
08-Jul-2026 17:48:53.195 INFO [main] org.apache.catalina.startup.VersionLoggerListener.log CATALINA_BASE:         C:\Users\Dell\Downloads\apache-tomcat-9.0.120
08-Jul-2026 17:48:53.195 INFO [main] org.apache.catalina.startup.VersionLoggerListener.log CATALINA_HOME:         C:\Users\Dell\Downloads\apache-tomcat-9.0.120
08-Jul-2026 17:48:53.212 INFO [main] org.apache.catalina.startup.VersionLoggerListener.log Command line argument: --add-opens=java.base/java.lang=ALL-UNNAMED
08-Jul-2026 17:48:53.213 INFO [main] org.apache.catalina.startup.VersionLoggerListener.log Command line argument: --add-opens=java.base/java.lang.invoke=ALL-UNNAMED
08-Jul-2026 17:48:53.214 INFO [main] org.apache.catalina.startup.VersionLoggerListener.log Command line argument: --add-opens=java.base/java.lang.reflect=ALL-UNNAMED
08-Jul-2026 17:48:53.215 INFO [main] org.apache.catalina.startup.VersionLoggerListener.log Command line argument: --add-opens=java.base/java.io=ALL-UNNAMED
08-Jul-2026 17:48:53.216 INFO [main] org.apache.catalina.startup.VersionLoggerListener.log Command line argument: --add-opens=java.base/java.util=ALL-UNNAMED
08-Jul-2026 17:48:53.217 INFO [main] org.apache.catalina.startup.VersionLoggerListener.log Command line argument: --add-opens=java.base/java.util.concurrent=ALL-UNNAMED
08-Jul-2026 17:48:53.219 INFO [main] org.apache.catalina.startup.VersionLoggerListener.log Command line argument: --add-opens=java.rmi/sun.rmi.transport=ALL-UNNAMED
08-Jul-2026 17:48:53.219 INFO [main] org.apache.catalina.startup.VersionLoggerListener.log Command line argument: -Djava.util.logging.config.file=C:\Users\Dell\Downloads\apache-tomcat-9.0.120\conf\logging.properties
08-Jul-2026 17:48:53.220 INFO [main] org.apache.catalina.startup.VersionLoggerListener.log Command line argument: -Djava.util.logging.manager=org.apache.juli.ClassLoaderLogManager
08-Jul-2026 17:48:53.221 INFO [main] org.apache.catalina.startup.VersionLoggerListener.log Command line argument: -Djdk.tls.ephemeralDHKeySize=2048
08-Jul-2026 17:48:53.221 INFO [main] org.apache.catalina.startup.VersionLoggerListener.log Command line argument: -Djava.protocol.handler.pkgs=org.apache.catalina.webresources
08-Jul-2026 17:48:53.222 INFO [main] org.apache.catalina.startup.VersionLoggerListener.log Command line argument: -Dsun.io.useCanonCaches=false
08-Jul-2026 17:48:53.223 INFO [main] org.apache.catalina.startup.VersionLoggerListener.log Command line argument: -Dignore.endorsed.dirs=
08-Jul-2026 17:48:53.224 INFO [main] org.apache.catalina.startup.VersionLoggerListener.log Command line argument: -Dcatalina.base=C:\Users\Dell\Downloads\apache-tomcat-9.0.120
08-Jul-2026 17:48:53.224 INFO [main] org.apache.catalina.startup.VersionLoggerListener.log Command line argument: -Dcatalina.home=C:\Users\Dell\Downloads\apache-tomcat-9.0.120
08-Jul-2026 17:48:53.225 INFO [main] org.apache.catalina.startup.VersionLoggerListener.log Command line argument: -Djava.io.tmpdir=C:\Users\Dell\Downloads\apache-tomcat-9.0.120\temp
08-Jul-2026 17:48:53.231 INFO [main] org.apache.catalina.core.AprLifecycleListener.lifecycleEvent Loaded Apache Tomcat Native library [1.3.8] using APR version [1.7.6].
08-Jul-2026 17:48:53.231 INFO [main] org.apache.catalina.core.AprLifecycleListener.lifecycleEvent APR capabilities: IPv6 [true], sendfile [true], accept filters [false], random [true], UDS [true].
08-Jul-2026 17:48:53.231 INFO [main] org.apache.catalina.core.AprLifecycleListener.lifecycleEvent APR/OpenSSL configuration: useAprConnector [false], useOpenSSL [true]
08-Jul-2026 17:48:53.239 INFO [main] org.apache.catalina.core.AprLifecycleListener.initializeSSL OpenSSL successfully initialized [OpenSSL 3.0.21 9 Jun 2026]
08-Jul-2026 17:48:53.653 INFO [main] org.apache.coyote.AbstractProtocol.init Initializing ProtocolHandler ["http-nio-2026"]
08-Jul-2026 17:48:53.685 INFO [main] org.apache.catalina.startup.Catalina.load Server initialization in [805] milliseconds
08-Jul-2026 17:48:53.745 INFO [main] org.apache.catalina.core.StandardService.startInternal Starting service [Catalina]
08-Jul-2026 17:48:53.746 INFO [main] org.apache.catalina.core.StandardEngine.startInternal Starting Servlet engine: [Apache Tomcat/9.0.120]
08-Jul-2026 17:48:53.761 INFO [main] org.apache.catalina.startup.HostConfig.deployDirectory Deploying web application directory [C:\Users\Dell\Downloads\apache-tomcat-9.0.120\webapps\docs]
08-Jul-2026 17:48:54.168 INFO [main] org.apache.catalina.startup.HostConfig.deployDirectory Deployment of web application directory [C:\Users\Dell\Downloads\apache-tomcat-9.0.120\webapps\docs] has finished in [406] ms
08-Jul-2026 17:48:54.169 INFO [main] org.apache.catalina.startup.HostConfig.deployDirectory Deploying web application directory [C:\Users\Dell\Downloads\apache-tomcat-9.0.120\webapps\examples]
08-Jul-2026 17:48:54.674 INFO [main] org.apache.catalina.startup.HostConfig.deployDirectory Deployment of web application directory [C:\Users\Dell\Downloads\apache-tomcat-9.0.120\webapps\examples] has finished in [504] ms
08-Jul-2026 17:48:54.675 INFO [main] org.apache.catalina.startup.HostConfig.deployDirectory Deploying web application directory [C:\Users\Dell\Downloads\apache-tomcat-9.0.120\webapps\host-manager]
08-Jul-2026 17:48:54.721 INFO [main] org.apache.catalina.startup.HostConfig.deployDirectory Deployment of web application directory [C:\Users\Dell\Downloads\apache-tomcat-9.0.120\webapps\host-manager] has finished in [46] ms
08-Jul-2026 17:48:54.721 INFO [main] org.apache.catalina.startup.HostConfig.deployDirectory Deploying web application directory [C:\Users\Dell\Downloads\apache-tomcat-9.0.120\webapps\manager]
08-Jul-2026 17:48:54.764 INFO [main] org.apache.catalina.startup.HostConfig.deployDirectory Deployment of web application directory [C:\Users\Dell\Downloads\apache-tomcat-9.0.120\webapps\manager] has finished in [43] ms
08-Jul-2026 17:48:54.765 INFO [main] org.apache.catalina.startup.HostConfig.deployDirectory Deploying web application directory [C:\Users\Dell\Downloads\apache-tomcat-9.0.120\webapps\ROOT]
08-Jul-2026 17:48:54.796 INFO [main] org.apache.catalina.startup.HostConfig.deployDirectory Deployment of web application directory [C:\Users\Dell\Downloads\apache-tomcat-9.0.120\webapps\ROOT] has finished in [31] ms
08-Jul-2026 17:48:54.801 INFO [main] org.apache.coyote.AbstractProtocol.start Starting ProtocolHandler ["http-nio-2026"]
08-Jul-2026 17:48:54.842 INFO [main] org.apache.catalina.startup.Catalina.start Server startup in [1155] milliseconds
08-Jul-2026 17:55:45.355 INFO [main] org.apache.catalina.startup.VersionLoggerListener.log Server version name:   Apache Tomcat/9.0.120
08-Jul-2026 17:55:45.374 INFO [main] org.apache.catalina.startup.VersionLoggerListener.log Server built:          Jul 3 2026 07:49:53 UTC
08-Jul-2026 17:55:45.375 INFO [main] org.apache.catalina.startup.VersionLoggerListener.log Server version number: 9.0.120.0
08-Jul-2026 17:55:45.376 INFO [main] org.apache.catalina.startup.VersionLoggerListener.log OS Name:               Windows 10
08-Jul-2026 17:55:45.377 INFO [main] org.apache.catalina.startup.VersionLoggerListener.log OS Version:            10.0
08-Jul-2026 17:55:45.378 INFO [main] org.apache.catalina.startup.VersionLoggerListener.log Architecture:          amd64
08-Jul-2026 17:55:45.378 INFO [main] org.apache.catalina.startup.VersionLoggerListener.log Java Home:             C:\Program Files\Java\jdk-17
08-Jul-2026 17:55:45.379 INFO [main] org.apache.catalina.startup.VersionLoggerListener.log JVM Version:           17.0.10+11-LTS-240
08-Jul-2026 17:55:45.379 INFO [main] org.apache.catalina.startup.VersionLoggerListener.log JVM Vendor:            Oracle Corporation
08-Jul-2026 17:55:45.379 INFO [main] org.apache.catalina.startup.VersionLoggerListener.log CATALINA_BASE:         C:\Users\Dell\Downloads\apache-tomcat-9.0.120
08-Jul-2026 17:55:45.380 INFO [main] org.apache.catalina.startup.VersionLoggerListener.log CATALINA_HOME:         C:\Users\Dell\Downloads\apache-tomcat-9.0.120
08-Jul-2026 17:55:45.407 INFO [main] org.apache.catalina.startup.VersionLoggerListener.log Command line argument: --add-opens=java.base/java.lang=ALL-UNNAMED
08-Jul-2026 17:55:45.407 INFO [main] org.apache.catalina.startup.VersionLoggerListener.log Command line argument: --add-opens=java.base/java.lang.invoke=ALL-UNNAMED
08-Jul-2026 17:55:45.408 INFO [main] org.apache.catalina.startup.VersionLoggerListener.log Command line argument: --add-opens=java.base/java.lang.reflect=ALL-UNNAMED
08-Jul-2026 17:55:45.409 INFO [main] org.apache.catalina.startup.VersionLoggerListener.log Command line argument: --add-opens=java.base/java.io=ALL-UNNAMED
08-Jul-2026 17:55:45.411 INFO [main] org.apache.catalina.startup.VersionLoggerListener.log Command line argument: --add-opens=java.base/java.util=ALL-UNNAMED
08-Jul-2026 17:55:45.412 INFO [main] org.apache.catalina.startup.VersionLoggerListener.log Command line argument: --add-opens=java.base/java.util.concurrent=ALL-UNNAMED
08-Jul-2026 17:55:45.413 INFO [main] org.apache.catalina.startup.VersionLoggerListener.log Command line argument: --add-opens=java.rmi/sun.rmi.transport=ALL-UNNAMED
08-Jul-2026 17:55:45.417 INFO [main] org.apache.catalina.startup.VersionLoggerListener.log Command line argument: -Djava.util.logging.config.file=C:\Users\Dell\Downloads\apache-tomcat-9.0.120\conf\logging.properties
08-Jul-2026 17:55:45.420 INFO [main] org.apache.catalina.startup.VersionLoggerListener.log Command line argument: -Djava.util.logging.manager=org.apache.juli.ClassLoaderLogManager
08-Jul-2026 17:55:45.421 INFO [main] org.apache.catalina.startup.VersionLoggerListener.log Command line argument: -Djdk.tls.ephemeralDHKeySize=2048
08-Jul-2026 17:55:45.422 INFO [main] org.apache.catalina.startup.VersionLoggerListener.log Command line argument: -Djava.protocol.handler.pkgs=org.apache.catalina.webresources
08-Jul-2026 17:55:45.424 INFO [main] org.apache.catalina.startup.VersionLoggerListener.log Command line argument: -Dsun.io.useCanonCaches=false
08-Jul-2026 17:55:45.425 INFO [main] org.apache.catalina.startup.VersionLoggerListener.log Command line argument: -Dignore.endorsed.dirs=
08-Jul-2026 17:55:45.426 INFO [main] org.apache.catalina.startup.VersionLoggerListener.log Command line argument: -Dcatalina.base=C:\Users\Dell\Downloads\apache-tomcat-9.0.120
08-Jul-2026 17:55:45.427 INFO [main] org.apache.catalina.startup.VersionLoggerListener.log Command line argument: -Dcatalina.home=C:\Users\Dell\Downloads\apache-tomcat-9.0.120
08-Jul-2026 17:55:45.428 INFO [main] org.apache.catalina.startup.VersionLoggerListener.log Command line argument: -Djava.io.tmpdir=C:\Users\Dell\Downloads\apache-tomcat-9.0.120\temp
08-Jul-2026 17:55:45.441 INFO [main] org.apache.catalina.core.AprLifecycleListener.lifecycleEvent Loaded Apache Tomcat Native library [1.3.8] using APR version [1.7.6].
08-Jul-2026 17:55:45.442 INFO [main] org.apache.catalina.core.AprLifecycleListener.lifecycleEvent APR capabilities: IPv6 [true], sendfile [true], accept filters [false], random [true], UDS [true].
08-Jul-2026 17:55:45.444 INFO [main] org.apache.catalina.core.AprLifecycleListener.lifecycleEvent APR/OpenSSL configuration: useAprConnector [false], useOpenSSL [true]
08-Jul-2026 17:55:45.472 INFO [main] org.apache.catalina.core.AprLifecycleListener.initializeSSL OpenSSL successfully initialized [OpenSSL 3.0.21 9 Jun 2026]
08-Jul-2026 17:55:46.091 INFO [main] org.apache.coyote.AbstractProtocol.init Initializing ProtocolHandler ["http-nio-2026"]
08-Jul-2026 17:55:46.127 INFO [main] org.apache.catalina.startup.Catalina.load Server initialization in [1201] milliseconds
08-Jul-2026 17:55:46.211 INFO [main] org.apache.catalina.core.StandardService.startInternal Starting service [Catalina]
08-Jul-2026 17:55:46.211 INFO [main] org.apache.catalina.core.StandardEngine.startInternal Starting Servlet engine: [Apache Tomcat/9.0.120]
08-Jul-2026 17:55:46.226 INFO [main] org.apache.catalina.startup.HostConfig.deployDirectory Deploying web application directory [C:\Users\Dell\Downloads\apache-tomcat-9.0.120\webapps\docs]
08-Jul-2026 17:55:46.761 INFO [main] org.apache.catalina.startup.HostConfig.deployDirectory Deployment of web application directory [C:\Users\Dell\Downloads\apache-tomcat-9.0.120\webapps\docs] has finished in [535] ms
08-Jul-2026 17:55:46.762 INFO [main] org.apache.catalina.startup.HostConfig.deployDirectory Deploying web application directory [C:\Users\Dell\Downloads\apache-tomcat-9.0.120\webapps\examples]
08-Jul-2026 17:55:47.345 INFO [main] org.apache.catalina.startup.HostConfig.deployDirectory Deployment of web application directory [C:\Users\Dell\Downloads\apache-tomcat-9.0.120\webapps\examples] has finished in [583] ms
08-Jul-2026 17:55:47.346 INFO [main] org.apache.catalina.startup.HostConfig.deployDirectory Deploying web application directory [C:\Users\Dell\Downloads\apache-tomcat-9.0.120\webapps\host-manager]
08-Jul-2026 17:55:47.403 INFO [main] org.apache.catalina.startup.HostConfig.deployDirectory Deployment of web application directory [C:\Users\Dell\Downloads\apache-tomcat-9.0.120\webapps\host-manager] has finished in [56] ms
08-Jul-2026 17:55:47.404 INFO [main] org.apache.catalina.startup.HostConfig.deployDirectory Deploying web application directory [C:\Users\Dell\Downloads\apache-tomcat-9.0.120\webapps\manager]
08-Jul-2026 17:55:47.444 INFO [main] org.apache.catalina.startup.HostConfig.deployDirectory Deployment of web application directory [C:\Users\Dell\Downloads\apache-tomcat-9.0.120\webapps\manager] has finished in [41] ms
08-Jul-2026 17:55:47.445 INFO [main] org.apache.catalina.startup.HostConfig.deployDirectory Deploying web application directory [C:\Users\Dell\Downloads\apache-tomcat-9.0.120\webapps\ROOT]
08-Jul-2026 17:55:47.476 INFO [main] org.apache.catalina.startup.HostConfig.deployDirectory Deployment of web application directory [C:\Users\Dell\Downloads\apache-tomcat-9.0.120\webapps\ROOT] has finished in [32] ms
08-Jul-2026 17:55:47.481 INFO [main] org.apache.coyote.AbstractProtocol.start Starting ProtocolHandler ["http-nio-2026"]
08-Jul-2026 17:55:47.532 INFO [main] org.apache.catalina.startup.Catalina.start Server startup in [1404] milliseconds
08-Jul-2026 17:55:51.750 INFO [Thread-1] org.apache.coyote.AbstractProtocol.pause Pausing ProtocolHandler ["http-nio-2026"]
08-Jul-2026 17:55:51.991 INFO [Thread-1] org.apache.catalina.core.StandardService.stopInternal Stopping service [Catalina]
08-Jul-2026 17:55:52.014 INFO [Thread-1] org.apache.coyote.AbstractProtocol.stop Stopping ProtocolHandler ["http-nio-2026"]
08-Jul-2026 17:55:52.027 INFO [Thread-1] org.apache.coyote.AbstractProtocol.destroy Destroying ProtocolHandler ["http-nio-2026"]
08-Jul-2026 17:56:28.123 INFO [main] org.apache.catalina.startup.VersionLoggerListener.log Server version name:   Apache Tomcat/9.0.120
08-Jul-2026 17:56:28.129 INFO [main] org.apache.catalina.startup.VersionLoggerListener.log Server built:          Jul 3 2026 07:49:53 UTC
08-Jul-2026 17:56:28.130 INFO [main] org.apache.catalina.startup.VersionLoggerListener.log Server version number: 9.0.120.0
08-Jul-2026 17:56:28.130 INFO [main] org.apache.catalina.startup.VersionLoggerListener.log OS Name:               Windows 10
08-Jul-2026 17:56:28.131 INFO [main] org.apache.catalina.startup.VersionLoggerListener.log OS Version:            10.0
08-Jul-2026 17:56:28.131 INFO [main] org.apache.catalina.startup.VersionLoggerListener.log Architecture:          amd64
08-Jul-2026 17:56:28.131 INFO [main] org.apache.catalina.startup.VersionLoggerListener.log Java Home:             C:\Program Files\Java\jdk-17
08-Jul-2026 17:56:28.131 INFO [main] org.apache.catalina.startup.VersionLoggerListener.log JVM Version:           17.0.10+11-LTS-240
08-Jul-2026 17:56:28.132 INFO [main] org.apache.catalina.startup.VersionLoggerListener.log JVM Vendor:            Oracle Corporation
08-Jul-2026 17:56:28.132 INFO [main] org.apache.catalina.startup.VersionLoggerListener.log CATALINA_BASE:         C:\Users\Dell\Downloads\apache-tomcat-9.0.120
08-Jul-2026 17:56:28.132 INFO [main] org.apache.catalina.startup.VersionLoggerListener.log CATALINA_HOME:         C:\Users\Dell\Downloads\apache-tomcat-9.0.120
08-Jul-2026 17:56:28.144 INFO [main] org.apache.catalina.startup.VersionLoggerListener.log Command line argument: --add-opens=java.base/java.lang=ALL-UNNAMED
08-Jul-2026 17:56:28.144 INFO [main] org.apache.catalina.startup.VersionLoggerListener.log Command line argument: --add-opens=java.base/java.lang.invoke=ALL-UNNAMED
08-Jul-2026 17:56:28.145 INFO [main] org.apache.catalina.startup.VersionLoggerListener.log Command line argument: --add-opens=java.base/java.lang.reflect=ALL-UNNAMED
08-Jul-2026 17:56:28.145 INFO [main] org.apache.catalina.startup.VersionLoggerListener.log Command line argument: --add-opens=java.base/java.io=ALL-UNNAMED
08-Jul-2026 17:56:28.146 INFO [main] org.apache.catalina.startup.VersionLoggerListener.log Command line argument: --add-opens=java.base/java.util=ALL-UNNAMED
08-Jul-2026 17:56:28.146 INFO [main] org.apache.catalina.startup.VersionLoggerListener.log Command line argument: --add-opens=java.base/java.util.concurrent=ALL-UNNAMED
08-Jul-2026 17:56:28.147 INFO [main] org.apache.catalina.startup.VersionLoggerListener.log Command line argument: --add-opens=java.rmi/sun.rmi.transport=ALL-UNNAMED
08-Jul-2026 17:56:28.147 INFO [main] org.apache.catalina.startup.VersionLoggerListener.log Command line argument: -Djava.util.logging.config.file=C:\Users\Dell\Downloads\apache-tomcat-9.0.120\conf\logging.properties
08-Jul-2026 17:56:28.148 INFO [main] org.apache.catalina.startup.VersionLoggerListener.log Command line argument: -Djava.util.logging.manager=org.apache.juli.ClassLoaderLogManager
08-Jul-2026 17:56:28.148 INFO [main] org.apache.catalina.startup.VersionLoggerListener.log Command line argument: -Djdk.tls.ephemeralDHKeySize=2048
08-Jul-2026 17:56:28.149 INFO [main] org.apache.catalina.startup.VersionLoggerListener.log Command line argument: -Djava.protocol.handler.pkgs=org.apache.catalina.webresources
08-Jul-2026 17:56:28.153 INFO [main] org.apache.catalina.startup.VersionLoggerListener.log Command line argument: -Dsun.io.useCanonCaches=false
08-Jul-2026 17:56:28.153 INFO [main] org.apache.catalina.startup.VersionLoggerListener.log Command line argument: -Dignore.endorsed.dirs=
08-Jul-2026 17:56:28.154 INFO [main] org.apache.catalina.startup.VersionLoggerListener.log Command line argument: -Dcatalina.base=C:\Users\Dell\Downloads\apache-tomcat-9.0.120
08-Jul-2026 17:56:28.155 INFO [main] org.apache.catalina.startup.VersionLoggerListener.log Command line argument: -Dcatalina.home=C:\Users\Dell\Downloads\apache-tomcat-9.0.120
08-Jul-2026 17:56:28.155 INFO [main] org.apache.catalina.startup.VersionLoggerListener.log Command line argument: -Djava.io.tmpdir=C:\Users\Dell\Downloads\apache-tomcat-9.0.120\temp
08-Jul-2026 17:56:28.159 INFO [main] org.apache.catalina.core.AprLifecycleListener.lifecycleEvent Loaded Apache Tomcat Native library [1.3.8] using APR version [1.7.6].
08-Jul-2026 17:56:28.160 INFO [main] org.apache.catalina.core.AprLifecycleListener.lifecycleEvent APR capabilities: IPv6 [true], sendfile [true], accept filters [false], random [true], UDS [true].
08-Jul-2026 17:56:28.160 INFO [main] org.apache.catalina.core.AprLifecycleListener.lifecycleEvent APR/OpenSSL configuration: useAprConnector [false], useOpenSSL [true]
08-Jul-2026 17:56:28.167 INFO [main] org.apache.catalina.core.AprLifecycleListener.initializeSSL OpenSSL successfully initialized [OpenSSL 3.0.21 9 Jun 2026]
08-Jul-2026 17:56:28.502 INFO [main] org.apache.coyote.AbstractProtocol.init Initializing ProtocolHandler ["http-nio-2026"]
08-Jul-2026 17:56:28.529 INFO [main] org.apache.catalina.startup.Catalina.load Server initialization in [698] milliseconds
08-Jul-2026 17:56:28.588 INFO [main] org.apache.catalina.core.StandardService.startInternal Starting service [Catalina]
08-Jul-2026 17:56:28.588 INFO [main] org.apache.catalina.core.StandardEngine.startInternal Starting Servlet engine: [Apache Tomcat/9.0.120]
08-Jul-2026 17:56:28.599 INFO [main] org.apache.catalina.startup.HostConfig.deployDirectory Deploying web application directory [C:\Users\Dell\Downloads\apache-tomcat-9.0.120\webapps\docs]
08-Jul-2026 17:56:29.021 INFO [main] org.apache.catalina.startup.HostConfig.deployDirectory Deployment of web application directory [C:\Users\Dell\Downloads\apache-tomcat-9.0.120\webapps\docs] has finished in [422] ms
08-Jul-2026 17:56:29.022 INFO [main] org.apache.catalina.startup.HostConfig.deployDirectory Deploying web application directory [C:\Users\Dell\Downloads\apache-tomcat-9.0.120\webapps\examples]
08-Jul-2026 17:56:29.488 INFO [main] org.apache.catalina.startup.HostConfig.deployDirectory Deployment of web application directory [C:\Users\Dell\Downloads\apache-tomcat-9.0.120\webapps\examples] has finished in [465] ms
08-Jul-2026 17:56:29.489 INFO [main] org.apache.catalina.startup.HostConfig.deployDirectory Deploying web application directory [C:\Users\Dell\Downloads\apache-tomcat-9.0.120\webapps\host-manager]
08-Jul-2026 17:56:29.533 INFO [main] org.apache.catalina.startup.HostConfig.deployDirectory Deployment of web application directory [C:\Users\Dell\Downloads\apache-tomcat-9.0.120\webapps\host-manager] has finished in [44] ms
08-Jul-2026 17:56:29.533 INFO [main] org.apache.catalina.startup.HostConfig.deployDirectory Deploying web application directory [C:\Users\Dell\Downloads\apache-tomcat-9.0.120\webapps\manager]
08-Jul-2026 17:56:29.580 INFO [main] org.apache.catalina.startup.HostConfig.deployDirectory Deployment of web application directory [C:\Users\Dell\Downloads\apache-tomcat-9.0.120\webapps\manager] has finished in [46] ms
08-Jul-2026 17:56:29.581 INFO [main] org.apache.catalina.startup.HostConfig.deployDirectory Deploying web application directory [C:\Users\Dell\Downloads\apache-tomcat-9.0.120\webapps\ROOT]
08-Jul-2026 17:56:29.615 INFO [main] org.apache.catalina.startup.HostConfig.deployDirectory Deployment of web application directory [C:\Users\Dell\Downloads\apache-tomcat-9.0.120\webapps\ROOT] has finished in [34] ms
08-Jul-2026 17:56:29.624 INFO [main] org.apache.coyote.AbstractProtocol.start Starting ProtocolHandler ["http-nio-2026"]
08-Jul-2026 17:56:29.674 INFO [main] org.apache.catalina.startup.Catalina.start Server startup in [1143] milliseconds
08-Jul-2026 18:13:26.409 INFO [main] org.apache.catalina.startup.VersionLoggerListener.log Server version name:   Apache Tomcat/9.0.120
08-Jul-2026 18:13:26.424 INFO [main] org.apache.catalina.startup.VersionLoggerListener.log Server built:          Jul 3 2026 07:49:53 UTC
08-Jul-2026 18:13:26.424 INFO [main] org.apache.catalina.startup.VersionLoggerListener.log Server version number: 9.0.120.0
08-Jul-2026 18:13:26.425 INFO [main] org.apache.catalina.startup.VersionLoggerListener.log OS Name:               Windows 10
08-Jul-2026 18:13:26.425 INFO [main] org.apache.catalina.startup.VersionLoggerListener.log OS Version:            10.0
08-Jul-2026 18:13:26.425 INFO [main] org.apache.catalina.startup.VersionLoggerListener.log Architecture:          amd64
08-Jul-2026 18:13:26.426 INFO [main] org.apache.catalina.startup.VersionLoggerListener.log Java Home:             C:\Program Files\Java\jdk-17
08-Jul-2026 18:13:26.427 INFO [main] org.apache.catalina.startup.VersionLoggerListener.log JVM Version:           17.0.10+11-LTS-240
08-Jul-2026 18:13:26.427 INFO [main] org.apache.catalina.startup.VersionLoggerListener.log JVM Vendor:            Oracle Corporation
08-Jul-2026 18:13:26.427 INFO [main] org.apache.catalina.startup.VersionLoggerListener.log CATALINA_BASE:         C:\Users\Dell\Downloads\apache-tomcat-9.0.120
08-Jul-2026 18:13:26.428 INFO [main] org.apache.catalina.startup.VersionLoggerListener.log CATALINA_HOME:         C:\Users\Dell\Downloads\apache-tomcat-9.0.120
08-Jul-2026 18:13:26.447 INFO [main] org.apache.catalina.startup.VersionLoggerListener.log Command line argument: --add-opens=java.base/java.lang=ALL-UNNAMED
08-Jul-2026 18:13:26.447 INFO [main] org.apache.catalina.startup.VersionLoggerListener.log Command line argument: --add-opens=java.base/java.lang.invoke=ALL-UNNAMED
08-Jul-2026 18:13:26.448 INFO [main] org.apache.catalina.startup.VersionLoggerListener.log Command line argument: --add-opens=java.base/java.lang.reflect=ALL-UNNAMED
08-Jul-2026 18:13:26.449 INFO [main] org.apache.catalina.startup.VersionLoggerListener.log Command line argument: --add-opens=java.base/java.io=ALL-UNNAMED
08-Jul-2026 18:13:26.450 INFO [main] org.apache.catalina.startup.VersionLoggerListener.log Command line argument: --add-opens=java.base/java.util=ALL-UNNAMED
08-Jul-2026 18:13:26.450 INFO [main] org.apache.catalina.startup.VersionLoggerListener.log Command line argument: --add-opens=java.base/java.util.concurrent=ALL-UNNAMED
08-Jul-2026 18:13:26.451 INFO [main] org.apache.catalina.startup.VersionLoggerListener.log Command line argument: --add-opens=java.rmi/sun.rmi.transport=ALL-UNNAMED
08-Jul-2026 18:13:26.452 INFO [main] org.apache.catalina.startup.VersionLoggerListener.log Command line argument: -Djava.util.logging.config.file=C:\Users\Dell\Downloads\apache-tomcat-9.0.120\conf\logging.properties
08-Jul-2026 18:13:26.452 INFO [main] org.apache.catalina.startup.VersionLoggerListener.log Command line argument: -Djava.util.logging.manager=org.apache.juli.ClassLoaderLogManager
08-Jul-2026 18:13:26.453 INFO [main] org.apache.catalina.startup.VersionLoggerListener.log Command line argument: -Djdk.tls.ephemeralDHKeySize=2048
08-Jul-2026 18:13:26.454 INFO [main] org.apache.catalina.startup.VersionLoggerListener.log Command line argument: -Djava.protocol.handler.pkgs=org.apache.catalina.webresources
08-Jul-2026 18:13:26.454 INFO [main] org.apache.catalina.startup.VersionLoggerListener.log Command line argument: -Dsun.io.useCanonCaches=false
08-Jul-2026 18:13:26.455 INFO [main] org.apache.catalina.startup.VersionLoggerListener.log Command line argument: -Dignore.endorsed.dirs=
08-Jul-2026 18:13:26.456 INFO [main] org.apache.catalina.startup.VersionLoggerListener.log Command line argument: -Dcatalina.base=C:\Users\Dell\Downloads\apache-tomcat-9.0.120
08-Jul-2026 18:13:26.457 INFO [main] org.apache.catalina.startup.VersionLoggerListener.log Command line argument: -Dcatalina.home=C:\Users\Dell\Downloads\apache-tomcat-9.0.120
08-Jul-2026 18:13:26.460 INFO [main] org.apache.catalina.startup.VersionLoggerListener.log Command line argument: -Djava.io.tmpdir=C:\Users\Dell\Downloads\apache-tomcat-9.0.120\temp
08-Jul-2026 18:13:26.466 INFO [main] org.apache.catalina.core.AprLifecycleListener.lifecycleEvent Loaded Apache Tomcat Native library [1.3.8] using APR version [1.7.6].
08-Jul-2026 18:13:26.466 INFO [main] org.apache.catalina.core.AprLifecycleListener.lifecycleEvent APR capabilities: IPv6 [true], sendfile [true], accept filters [false], random [true], UDS [true].
08-Jul-2026 18:13:26.467 INFO [main] org.apache.catalina.core.AprLifecycleListener.lifecycleEvent APR/OpenSSL configuration: useAprConnector [false], useOpenSSL [true]
08-Jul-2026 18:13:26.476 INFO [main] org.apache.catalina.core.AprLifecycleListener.initializeSSL OpenSSL successfully initialized [OpenSSL 3.0.21 9 Jun 2026]
08-Jul-2026 18:13:26.932 INFO [main] org.apache.coyote.AbstractProtocol.init Initializing ProtocolHandler ["http-nio-2026"]
08-Jul-2026 18:13:26.952 SEVERE [main] org.apache.catalina.util.LifecycleBase.handleSubClassException Failed to initialize component [Connector["http-nio-2026"]]
	org.apache.catalina.LifecycleException: Protocol handler initialization failed
		at org.apache.catalina.connector.Connector.initInternal(Connector.java:1273)
		at org.apache.catalina.util.LifecycleBase.init(LifecycleBase.java:128)
		at org.apache.catalina.core.StandardService.initInternal(StandardService.java:543)
		at org.apache.catalina.util.LifecycleBase.init(LifecycleBase.java:128)
		at org.apache.catalina.core.StandardServer.initInternal(StandardServer.java:991)
		at org.apache.catalina.util.LifecycleBase.init(LifecycleBase.java:128)
		at org.apache.catalina.startup.Catalina.load(Catalina.java:810)
		at org.apache.catalina.startup.Catalina.load(Catalina.java:835)
		at java.base/jdk.internal.reflect.NativeMethodAccessorImpl.invoke0(Native Method)
		at java.base/jdk.internal.reflect.NativeMethodAccessorImpl.invoke(NativeMethodAccessorImpl.java:77)
		at java.base/jdk.internal.reflect.DelegatingMethodAccessorImpl.invoke(DelegatingMethodAccessorImpl.java:43)
		at java.base/java.lang.reflect.Method.invoke(Method.java:568)
		at org.apache.catalina.startup.Bootstrap.load(Bootstrap.java:305)
		at org.apache.catalina.startup.Bootstrap.main(Bootstrap.java:484)
	Caused by: java.net.BindException: Address already in use: bind
		at java.base/sun.nio.ch.Net.bind0(Native Method)
		at java.base/sun.nio.ch.Net.bind(Net.java:555)
		at java.base/sun.nio.ch.ServerSocketChannelImpl.netBind(ServerSocketChannelImpl.java:337)
		at java.base/sun.nio.ch.ServerSocketChannelImpl.bind(ServerSocketChannelImpl.java:294)
		at org.apache.tomcat.util.net.NioEndpoint.initServerSocket(NioEndpoint.java:370)
		at org.apache.tomcat.util.net.NioEndpoint.bind(NioEndpoint.java:320)
		at org.apache.tomcat.util.net.AbstractEndpoint.bindWithCleanup(AbstractEndpoint.java:1987)
		at org.apache.tomcat.util.net.AbstractEndpoint.init(AbstractEndpoint.java:2005)
		at org.apache.coyote.AbstractProtocol.init(AbstractProtocol.java:992)
		at org.apache.coyote.http11.AbstractHttp11Protocol.init(AbstractHttp11Protocol.java:93)
		at org.apache.catalina.connector.Connector.initInternal(Connector.java:1271)
		... 13 more
08-Jul-2026 18:13:26.954 INFO [main] org.apache.catalina.startup.Catalina.load Server initialization in [872] milliseconds
08-Jul-2026 18:13:27.019 INFO [main] org.apache.catalina.core.StandardService.startInternal Starting service [Catalina]
08-Jul-2026 18:13:27.020 INFO [main] org.apache.catalina.core.StandardEngine.startInternal Starting Servlet engine: [Apache Tomcat/9.0.120]
08-Jul-2026 18:13:27.037 INFO [main] org.apache.catalina.startup.HostConfig.deployDirectory Deploying web application directory [C:\Users\Dell\Downloads\apache-tomcat-9.0.120\webapps\docs]
08-Jul-2026 18:13:27.468 INFO [main] org.apache.catalina.startup.HostConfig.deployDirectory Deployment of web application directory [C:\Users\Dell\Downloads\apache-tomcat-9.0.120\webapps\docs] has finished in [430] ms
08-Jul-2026 18:13:27.469 INFO [main] org.apache.catalina.startup.HostConfig.deployDirectory Deploying web application directory [C:\Users\Dell\Downloads\apache-tomcat-9.0.120\webapps\examples]
08-Jul-2026 18:13:27.951 INFO [main] org.apache.catalina.startup.HostConfig.deployDirectory Deployment of web application directory [C:\Users\Dell\Downloads\apache-tomcat-9.0.120\webapps\examples] has finished in [483] ms
08-Jul-2026 18:13:27.952 INFO [main] org.apache.catalina.startup.HostConfig.deployDirectory Deploying web application directory [C:\Users\Dell\Downloads\apache-tomcat-9.0.120\webapps\host-manager]
08-Jul-2026 18:13:27.996 INFO [main] org.apache.catalina.startup.HostConfig.deployDirectory Deployment of web application directory [C:\Users\Dell\Downloads\apache-tomcat-9.0.120\webapps\host-manager] has finished in [43] ms
08-Jul-2026 18:13:27.996 INFO [main] org.apache.catalina.startup.HostConfig.deployDirectory Deploying web application directory [C:\Users\Dell\Downloads\apache-tomcat-9.0.120\webapps\manager]
08-Jul-2026 18:13:28.043 INFO [main] org.apache.catalina.startup.HostConfig.deployDirectory Deployment of web application directory [C:\Users\Dell\Downloads\apache-tomcat-9.0.120\webapps\manager] has finished in [47] ms
08-Jul-2026 18:13:28.044 INFO [main] org.apache.catalina.startup.HostConfig.deployDirectory Deploying web application directory [C:\Users\Dell\Downloads\apache-tomcat-9.0.120\webapps\ROOT]
08-Jul-2026 18:13:28.074 INFO [main] org.apache.catalina.startup.HostConfig.deployDirectory Deployment of web application directory [C:\Users\Dell\Downloads\apache-tomcat-9.0.120\webapps\ROOT] has finished in [30] ms
08-Jul-2026 18:13:28.084 INFO [main] org.apache.catalina.startup.Catalina.start Server startup in [1128] milliseconds
08-Jul-2026 18:13:28.093 SEVERE [main] org.apache.catalina.core.StandardServer.await Failed to create server shutdown socket on address [localhost] and port [8005] (base port [8005] and offset [0])
	java.net.BindException: Address already in use: bind
		at java.base/sun.nio.ch.Net.bind0(Native Method)
		at java.base/sun.nio.ch.Net.bind(Net.java:555)
		at java.base/sun.nio.ch.Net.bind(Net.java:544)
		at java.base/sun.nio.ch.NioSocketImpl.bind(NioSocketImpl.java:648)
		at java.base/java.net.ServerSocket.bind(ServerSocket.java:388)
		at java.base/java.net.ServerSocket.<init>(ServerSocket.java:274)
		at org.apache.catalina.core.StandardServer.await(StandardServer.java:540)
		at org.apache.catalina.startup.Catalina.await(Catalina.java:951)
		at org.apache.catalina.startup.Catalina.start(Catalina.java:899)
		at java.base/jdk.internal.reflect.NativeMethodAccessorImpl.invoke0(Native Method)
		at java.base/jdk.internal.reflect.NativeMethodAccessorImpl.invoke(NativeMethodAccessorImpl.java:77)
		at java.base/jdk.internal.reflect.DelegatingMethodAccessorImpl.invoke(DelegatingMethodAccessorImpl.java:43)
		at java.base/java.lang.reflect.Method.invoke(Method.java:568)
		at org.apache.catalina.startup.Bootstrap.start(Bootstrap.java:348)
		at org.apache.catalina.startup.Bootstrap.main(Bootstrap.java:485)
08-Jul-2026 18:13:28.096 INFO [main] org.apache.coyote.AbstractProtocol.pause Pausing ProtocolHandler ["http-nio-2026"]
08-Jul-2026 18:13:28.096 INFO [main] org.apache.catalina.core.StandardService.stopInternal Stopping service [Catalina]
08-Jul-2026 18:13:28.123 INFO [main] org.apache.coyote.AbstractProtocol.stop Stopping ProtocolHandler ["http-nio-2026"]
08-Jul-2026 18:13:28.125 INFO [main] org.apache.coyote.AbstractProtocol.destroy Destroying ProtocolHandler ["http-nio-2026"]
08-Jul-2026 18:16:41.961 INFO [main] org.apache.catalina.startup.VersionLoggerListener.log Server version name:   Apache Tomcat/9.0.120
08-Jul-2026 18:16:41.969 INFO [main] org.apache.catalina.startup.VersionLoggerListener.log Server built:          Jul 3 2026 07:49:53 UTC
08-Jul-2026 18:16:41.970 INFO [main] org.apache.catalina.startup.VersionLoggerListener.log Server version number: 9.0.120.0
08-Jul-2026 18:16:41.971 INFO [main] org.apache.catalina.startup.VersionLoggerListener.log OS Name:               Windows 10
08-Jul-2026 18:16:41.971 INFO [main] org.apache.catalina.startup.VersionLoggerListener.log OS Version:            10.0
08-Jul-2026 18:16:41.971 INFO [main] org.apache.catalina.startup.VersionLoggerListener.log Architecture:          amd64
08-Jul-2026 18:16:41.972 INFO [main] org.apache.catalina.startup.VersionLoggerListener.log Java Home:             C:\Program Files\Java\jdk-17
08-Jul-2026 18:16:41.972 INFO [main] org.apache.catalina.startup.VersionLoggerListener.log JVM Version:           17.0.10+11-LTS-240
08-Jul-2026 18:16:41.972 INFO [main] org.apache.catalina.startup.VersionLoggerListener.log JVM Vendor:            Oracle Corporation
08-Jul-2026 18:16:41.972 INFO [main] org.apache.catalina.startup.VersionLoggerListener.log CATALINA_BASE:         C:\Users\Dell\Downloads\apache-tomcat-9.0.120
08-Jul-2026 18:16:41.973 INFO [main] org.apache.catalina.startup.VersionLoggerListener.log CATALINA_HOME:         C:\Users\Dell\Downloads\apache-tomcat-9.0.120
08-Jul-2026 18:16:41.985 INFO [main] org.apache.catalina.startup.VersionLoggerListener.log Command line argument: --add-opens=java.base/java.lang=ALL-UNNAMED
08-Jul-2026 18:16:41.985 INFO [main] org.apache.catalina.startup.VersionLoggerListener.log Command line argument: --add-opens=java.base/java.lang.invoke=ALL-UNNAMED
08-Jul-2026 18:16:41.985 INFO [main] org.apache.catalina.startup.VersionLoggerListener.log Command line argument: --add-opens=java.base/java.lang.reflect=ALL-UNNAMED
08-Jul-2026 18:16:41.986 INFO [main] org.apache.catalina.startup.VersionLoggerListener.log Command line argument: --add-opens=java.base/java.io=ALL-UNNAMED
08-Jul-2026 18:16:41.986 INFO [main] org.apache.catalina.startup.VersionLoggerListener.log Command line argument: --add-opens=java.base/java.util=ALL-UNNAMED
08-Jul-2026 18:16:41.987 INFO [main] org.apache.catalina.startup.VersionLoggerListener.log Command line argument: --add-opens=java.base/java.util.concurrent=ALL-UNNAMED
08-Jul-2026 18:16:41.988 INFO [main] org.apache.catalina.startup.VersionLoggerListener.log Command line argument: --add-opens=java.rmi/sun.rmi.transport=ALL-UNNAMED
08-Jul-2026 18:16:41.988 INFO [main] org.apache.catalina.startup.VersionLoggerListener.log Command line argument: -Djava.util.logging.config.file=C:\Users\Dell\Downloads\apache-tomcat-9.0.120\conf\logging.properties
08-Jul-2026 18:16:41.989 INFO [main] org.apache.catalina.startup.VersionLoggerListener.log Command line argument: -Djava.util.logging.manager=org.apache.juli.ClassLoaderLogManager
08-Jul-2026 18:16:41.990 INFO [main] org.apache.catalina.startup.VersionLoggerListener.log Command line argument: -Djdk.tls.ephemeralDHKeySize=2048
08-Jul-2026 18:16:41.990 INFO [main] org.apache.catalina.startup.VersionLoggerListener.log Command line argument: -Djava.protocol.handler.pkgs=org.apache.catalina.webresources
08-Jul-2026 18:16:41.991 INFO [main] org.apache.catalina.startup.VersionLoggerListener.log Command line argument: -Dsun.io.useCanonCaches=false
08-Jul-2026 18:16:41.991 INFO [main] org.apache.catalina.startup.VersionLoggerListener.log Command line argument: -Dignore.endorsed.dirs=
08-Jul-2026 18:16:41.992 INFO [main] org.apache.catalina.startup.VersionLoggerListener.log Command line argument: -Dcatalina.base=C:\Users\Dell\Downloads\apache-tomcat-9.0.120
08-Jul-2026 18:16:41.992 INFO [main] org.apache.catalina.startup.VersionLoggerListener.log Command line argument: -Dcatalina.home=C:\Users\Dell\Downloads\apache-tomcat-9.0.120
08-Jul-2026 18:16:41.993 INFO [main] org.apache.catalina.startup.VersionLoggerListener.log Command line argument: -Djava.io.tmpdir=C:\Users\Dell\Downloads\apache-tomcat-9.0.120\temp
08-Jul-2026 18:16:42.000 INFO [main] org.apache.catalina.core.AprLifecycleListener.lifecycleEvent Loaded Apache Tomcat Native library [1.3.8] using APR version [1.7.6].
08-Jul-2026 18:16:42.000 INFO [main] org.apache.catalina.core.AprLifecycleListener.lifecycleEvent APR capabilities: IPv6 [true], sendfile [true], accept filters [false], random [true], UDS [true].
08-Jul-2026 18:16:42.001 INFO [main] org.apache.catalina.core.AprLifecycleListener.lifecycleEvent APR/OpenSSL configuration: useAprConnector [false], useOpenSSL [true]
08-Jul-2026 18:16:42.008 INFO [main] org.apache.catalina.core.AprLifecycleListener.initializeSSL OpenSSL successfully initialized [OpenSSL 3.0.21 9 Jun 2026]
08-Jul-2026 18:16:42.505 INFO [main] org.apache.coyote.AbstractProtocol.init Initializing ProtocolHandler ["http-nio-2026"]
08-Jul-2026 18:16:42.522 SEVERE [main] org.apache.catalina.util.LifecycleBase.handleSubClassException Failed to initialize component [Connector["http-nio-2026"]]
	org.apache.catalina.LifecycleException: Protocol handler initialization failed
		at org.apache.catalina.connector.Connector.initInternal(Connector.java:1273)
		at org.apache.catalina.util.LifecycleBase.init(LifecycleBase.java:128)
		at org.apache.catalina.core.StandardService.initInternal(StandardService.java:543)
		at org.apache.catalina.util.LifecycleBase.init(LifecycleBase.java:128)
		at org.apache.catalina.core.StandardServer.initInternal(StandardServer.java:991)
		at org.apache.catalina.util.LifecycleBase.init(LifecycleBase.java:128)
		at org.apache.catalina.startup.Catalina.load(Catalina.java:810)
		at org.apache.catalina.startup.Catalina.load(Catalina.java:835)
		at java.base/jdk.internal.reflect.NativeMethodAccessorImpl.invoke0(Native Method)
		at java.base/jdk.internal.reflect.NativeMethodAccessorImpl.invoke(NativeMethodAccessorImpl.java:77)
		at java.base/jdk.internal.reflect.DelegatingMethodAccessorImpl.invoke(DelegatingMethodAccessorImpl.java:43)
		at java.base/java.lang.reflect.Method.invoke(Method.java:568)
		at org.apache.catalina.startup.Bootstrap.load(Bootstrap.java:305)
		at org.apache.catalina.startup.Bootstrap.main(Bootstrap.java:484)
	Caused by: java.net.BindException: Address already in use: bind
		at java.base/sun.nio.ch.Net.bind0(Native Method)
		at java.base/sun.nio.ch.Net.bind(Net.java:555)
		at java.base/sun.nio.ch.ServerSocketChannelImpl.netBind(ServerSocketChannelImpl.java:337)
		at java.base/sun.nio.ch.ServerSocketChannelImpl.bind(ServerSocketChannelImpl.java:294)
		at org.apache.tomcat.util.net.NioEndpoint.initServerSocket(NioEndpoint.java:370)
		at org.apache.tomcat.util.net.NioEndpoint.bind(NioEndpoint.java:320)
		at org.apache.tomcat.util.net.AbstractEndpoint.bindWithCleanup(AbstractEndpoint.java:1987)
		at org.apache.tomcat.util.net.AbstractEndpoint.init(AbstractEndpoint.java:2005)
		at org.apache.coyote.AbstractProtocol.init(AbstractProtocol.java:992)
		at org.apache.coyote.http11.AbstractHttp11Protocol.init(AbstractHttp11Protocol.java:93)
		at org.apache.catalina.connector.Connector.initInternal(Connector.java:1271)
		... 13 more
08-Jul-2026 18:16:42.525 INFO [main] org.apache.catalina.startup.Catalina.load Server initialization in [953] milliseconds
08-Jul-2026 18:16:42.582 INFO [main] org.apache.catalina.core.StandardService.startInternal Starting service [Catalina]
08-Jul-2026 18:16:42.582 INFO [main] org.apache.catalina.core.StandardEngine.startInternal Starting Servlet engine: [Apache Tomcat/9.0.120]
08-Jul-2026 18:16:42.597 INFO [main] org.apache.catalina.startup.HostConfig.deployDirectory Deploying web application directory [C:\Users\Dell\Downloads\apache-tomcat-9.0.120\webapps\docs]
08-Jul-2026 18:16:43.034 INFO [main] org.apache.catalina.startup.HostConfig.deployDirectory Deployment of web application directory [C:\Users\Dell\Downloads\apache-tomcat-9.0.120\webapps\docs] has finished in [436] ms
08-Jul-2026 18:16:43.034 INFO [main] org.apache.catalina.startup.HostConfig.deployDirectory Deploying web application directory [C:\Users\Dell\Downloads\apache-tomcat-9.0.120\webapps\examples]
08-Jul-2026 18:16:43.510 INFO [main] org.apache.catalina.startup.HostConfig.deployDirectory Deployment of web application directory [C:\Users\Dell\Downloads\apache-tomcat-9.0.120\webapps\examples] has finished in [476] ms
08-Jul-2026 18:16:43.511 INFO [main] org.apache.catalina.startup.HostConfig.deployDirectory Deploying web application directory [C:\Users\Dell\Downloads\apache-tomcat-9.0.120\webapps\host-manager]
08-Jul-2026 18:16:43.554 INFO [main] org.apache.catalina.startup.HostConfig.deployDirectory Deployment of web application directory [C:\Users\Dell\Downloads\apache-tomcat-9.0.120\webapps\host-manager] has finished in [43] ms
08-Jul-2026 18:16:43.555 INFO [main] org.apache.catalina.startup.HostConfig.deployDirectory Deploying web application directory [C:\Users\Dell\Downloads\apache-tomcat-9.0.120\webapps\manager]
08-Jul-2026 18:16:43.605 INFO [main] org.apache.catalina.startup.HostConfig.deployDirectory Deployment of web application directory [C:\Users\Dell\Downloads\apache-tomcat-9.0.120\webapps\manager] has finished in [50] ms
08-Jul-2026 18:16:43.606 INFO [main] org.apache.catalina.startup.HostConfig.deployDirectory Deploying web application directory [C:\Users\Dell\Downloads\apache-tomcat-9.0.120\webapps\ROOT]
08-Jul-2026 18:16:43.637 INFO [main] org.apache.catalina.startup.HostConfig.deployDirectory Deployment of web application directory [C:\Users\Dell\Downloads\apache-tomcat-9.0.120\webapps\ROOT] has finished in [31] ms
08-Jul-2026 18:16:43.649 INFO [main] org.apache.catalina.startup.Catalina.start Server startup in [1123] milliseconds
08-Jul-2026 18:16:43.658 SEVERE [main] org.apache.catalina.core.StandardServer.await Failed to create server shutdown socket on address [localhost] and port [8005] (base port [8005] and offset [0])
	java.net.BindException: Address already in use: bind
		at java.base/sun.nio.ch.Net.bind0(Native Method)
		at java.base/sun.nio.ch.Net.bind(Net.java:555)
		at java.base/sun.nio.ch.Net.bind(Net.java:544)
		at java.base/sun.nio.ch.NioSocketImpl.bind(NioSocketImpl.java:648)
		at java.base/java.net.ServerSocket.bind(ServerSocket.java:388)
		at java.base/java.net.ServerSocket.<init>(ServerSocket.java:274)
		at org.apache.catalina.core.StandardServer.await(StandardServer.java:540)
		at org.apache.catalina.startup.Catalina.await(Catalina.java:951)
		at org.apache.catalina.startup.Catalina.start(Catalina.java:899)
		at java.base/jdk.internal.reflect.NativeMethodAccessorImpl.invoke0(Native Method)
		at java.base/jdk.internal.reflect.NativeMethodAccessorImpl.invoke(NativeMethodAccessorImpl.java:77)
		at java.base/jdk.internal.reflect.DelegatingMethodAccessorImpl.invoke(DelegatingMethodAccessorImpl.java:43)
		at java.base/java.lang.reflect.Method.invoke(Method.java:568)
		at org.apache.catalina.startup.Bootstrap.start(Bootstrap.java:348)
		at org.apache.catalina.startup.Bootstrap.main(Bootstrap.java:485)
08-Jul-2026 18:16:43.660 INFO [main] org.apache.coyote.AbstractProtocol.pause Pausing ProtocolHandler ["http-nio-2026"]
08-Jul-2026 18:16:43.662 INFO [main] org.apache.catalina.core.StandardService.stopInternal Stopping service [Catalina]
08-Jul-2026 18:16:43.693 INFO [main] org.apache.coyote.AbstractProtocol.stop Stopping ProtocolHandler ["http-nio-2026"]
08-Jul-2026 18:16:43.694 INFO [main] org.apache.coyote.AbstractProtocol.destroy Destroying ProtocolHandler ["http-nio-2026"]
08-Jul-2026 18:16:57.935 INFO [main] org.apache.catalina.startup.VersionLoggerListener.log Server version name:   Apache Tomcat/9.0.120
08-Jul-2026 18:16:57.943 INFO [main] org.apache.catalina.startup.VersionLoggerListener.log Server built:          Jul 3 2026 07:49:53 UTC
08-Jul-2026 18:16:57.944 INFO [main] org.apache.catalina.startup.VersionLoggerListener.log Server version number: 9.0.120.0
08-Jul-2026 18:16:57.944 INFO [main] org.apache.catalina.startup.VersionLoggerListener.log OS Name:               Windows 10
08-Jul-2026 18:16:57.945 INFO [main] org.apache.catalina.startup.VersionLoggerListener.log OS Version:            10.0
08-Jul-2026 18:16:57.945 INFO [main] org.apache.catalina.startup.VersionLoggerListener.log Architecture:          amd64
08-Jul-2026 18:16:57.945 INFO [main] org.apache.catalina.startup.VersionLoggerListener.log Java Home:             C:\Program Files\Java\jdk-17
08-Jul-2026 18:16:57.946 INFO [main] org.apache.catalina.startup.VersionLoggerListener.log JVM Version:           17.0.10+11-LTS-240
08-Jul-2026 18:16:57.946 INFO [main] org.apache.catalina.startup.VersionLoggerListener.log JVM Vendor:            Oracle Corporation
08-Jul-2026 18:16:57.946 INFO [main] org.apache.catalina.startup.VersionLoggerListener.log CATALINA_BASE:         C:\Users\Dell\Downloads\apache-tomcat-9.0.120
08-Jul-2026 18:16:57.947 INFO [main] org.apache.catalina.startup.VersionLoggerListener.log CATALINA_HOME:         C:\Users\Dell\Downloads\apache-tomcat-9.0.120
08-Jul-2026 18:16:57.963 INFO [main] org.apache.catalina.startup.VersionLoggerListener.log Command line argument: --add-opens=java.base/java.lang=ALL-UNNAMED
08-Jul-2026 18:16:57.964 INFO [main] org.apache.catalina.startup.VersionLoggerListener.log Command line argument: --add-opens=java.base/java.lang.invoke=ALL-UNNAMED
08-Jul-2026 18:16:57.965 INFO [main] org.apache.catalina.startup.VersionLoggerListener.log Command line argument: --add-opens=java.base/java.lang.reflect=ALL-UNNAMED
08-Jul-2026 18:16:57.965 INFO [main] org.apache.catalina.startup.VersionLoggerListener.log Command line argument: --add-opens=java.base/java.io=ALL-UNNAMED
08-Jul-2026 18:16:57.967 INFO [main] org.apache.catalina.startup.VersionLoggerListener.log Command line argument: --add-opens=java.base/java.util=ALL-UNNAMED
08-Jul-2026 18:16:57.967 INFO [main] org.apache.catalina.startup.VersionLoggerListener.log Command line argument: --add-opens=java.base/java.util.concurrent=ALL-UNNAMED
08-Jul-2026 18:16:57.968 INFO [main] org.apache.catalina.startup.VersionLoggerListener.log Command line argument: --add-opens=java.rmi/sun.rmi.transport=ALL-UNNAMED
08-Jul-2026 18:16:57.969 INFO [main] org.apache.catalina.startup.VersionLoggerListener.log Command line argument: -Djava.util.logging.config.file=C:\Users\Dell\Downloads\apache-tomcat-9.0.120\conf\logging.properties
08-Jul-2026 18:16:57.969 INFO [main] org.apache.catalina.startup.VersionLoggerListener.log Command line argument: -Djava.util.logging.manager=org.apache.juli.ClassLoaderLogManager
08-Jul-2026 18:16:57.970 INFO [main] org.apache.catalina.startup.VersionLoggerListener.log Command line argument: -Djdk.tls.ephemeralDHKeySize=2048
08-Jul-2026 18:16:57.971 INFO [main] org.apache.catalina.startup.VersionLoggerListener.log Command line argument: -Djava.protocol.handler.pkgs=org.apache.catalina.webresources
08-Jul-2026 18:16:57.975 INFO [main] org.apache.catalina.startup.VersionLoggerListener.log Command line argument: -Dsun.io.useCanonCaches=false
08-Jul-2026 18:16:57.975 INFO [main] org.apache.catalina.startup.VersionLoggerListener.log Command line argument: -Dignore.endorsed.dirs=
08-Jul-2026 18:16:57.976 INFO [main] org.apache.catalina.startup.VersionLoggerListener.log Command line argument: -Dcatalina.base=C:\Users\Dell\Downloads\apache-tomcat-9.0.120
08-Jul-2026 18:16:57.977 INFO [main] org.apache.catalina.startup.VersionLoggerListener.log Command line argument: -Dcatalina.home=C:\Users\Dell\Downloads\apache-tomcat-9.0.120
08-Jul-2026 18:16:57.978 INFO [main] org.apache.catalina.startup.VersionLoggerListener.log Command line argument: -Djava.io.tmpdir=C:\Users\Dell\Downloads\apache-tomcat-9.0.120\temp
08-Jul-2026 18:16:57.984 INFO [main] org.apache.catalina.core.AprLifecycleListener.lifecycleEvent Loaded Apache Tomcat Native library [1.3.8] using APR version [1.7.6].
08-Jul-2026 18:16:57.985 INFO [main] org.apache.catalina.core.AprLifecycleListener.lifecycleEvent APR capabilities: IPv6 [true], sendfile [true], accept filters [false], random [true], UDS [true].
08-Jul-2026 18:16:57.985 INFO [main] org.apache.catalina.core.AprLifecycleListener.lifecycleEvent APR/OpenSSL configuration: useAprConnector [false], useOpenSSL [true]
08-Jul-2026 18:16:57.995 INFO [main] org.apache.catalina.core.AprLifecycleListener.initializeSSL OpenSSL successfully initialized [OpenSSL 3.0.21 9 Jun 2026]
08-Jul-2026 18:16:58.410 INFO [main] org.apache.coyote.AbstractProtocol.init Initializing ProtocolHandler ["http-nio-2026"]
08-Jul-2026 18:16:58.428 SEVERE [main] org.apache.catalina.util.LifecycleBase.handleSubClassException Failed to initialize component [Connector["http-nio-2026"]]
	org.apache.catalina.LifecycleException: Protocol handler initialization failed
		at org.apache.catalina.connector.Connector.initInternal(Connector.java:1273)
		at org.apache.catalina.util.LifecycleBase.init(LifecycleBase.java:128)
		at org.apache.catalina.core.StandardService.initInternal(StandardService.java:543)
		at org.apache.catalina.util.LifecycleBase.init(LifecycleBase.java:128)
		at org.apache.catalina.core.StandardServer.initInternal(StandardServer.java:991)
		at org.apache.catalina.util.LifecycleBase.init(LifecycleBase.java:128)
		at org.apache.catalina.startup.Catalina.load(Catalina.java:810)
		at org.apache.catalina.startup.Catalina.load(Catalina.java:835)
		at java.base/jdk.internal.reflect.NativeMethodAccessorImpl.invoke0(Native Method)
		at java.base/jdk.internal.reflect.NativeMethodAccessorImpl.invoke(NativeMethodAccessorImpl.java:77)
		at java.base/jdk.internal.reflect.DelegatingMethodAccessorImpl.invoke(DelegatingMethodAccessorImpl.java:43)
		at java.base/java.lang.reflect.Method.invoke(Method.java:568)
		at org.apache.catalina.startup.Bootstrap.load(Bootstrap.java:305)
		at org.apache.catalina.startup.Bootstrap.main(Bootstrap.java:484)
	Caused by: java.net.BindException: Address already in use: bind
		at java.base/sun.nio.ch.Net.bind0(Native Method)
		at java.base/sun.nio.ch.Net.bind(Net.java:555)
		at java.base/sun.nio.ch.ServerSocketChannelImpl.netBind(ServerSocketChannelImpl.java:337)
		at java.base/sun.nio.ch.ServerSocketChannelImpl.bind(ServerSocketChannelImpl.java:294)
		at org.apache.tomcat.util.net.NioEndpoint.initServerSocket(NioEndpoint.java:370)
		at org.apache.tomcat.util.net.NioEndpoint.bind(NioEndpoint.java:320)
		at org.apache.tomcat.util.net.AbstractEndpoint.bindWithCleanup(AbstractEndpoint.java:1987)
		at org.apache.tomcat.util.net.AbstractEndpoint.init(AbstractEndpoint.java:2005)
		at org.apache.coyote.AbstractProtocol.init(AbstractProtocol.java:992)
		at org.apache.coyote.http11.AbstractHttp11Protocol.init(AbstractHttp11Protocol.java:93)
		at org.apache.catalina.connector.Connector.initInternal(Connector.java:1271)
		... 13 more
08-Jul-2026 18:16:58.430 INFO [main] org.apache.catalina.startup.Catalina.load Server initialization in [1043] milliseconds
08-Jul-2026 18:16:58.489 INFO [main] org.apache.catalina.core.StandardService.startInternal Starting service [Catalina]
08-Jul-2026 18:16:58.490 INFO [main] org.apache.catalina.core.StandardEngine.startInternal Starting Servlet engine: [Apache Tomcat/9.0.120]
08-Jul-2026 18:16:58.503 INFO [main] org.apache.catalina.startup.HostConfig.deployDirectory Deploying web application directory [C:\Users\Dell\Downloads\apache-tomcat-9.0.120\webapps\docs]
08-Jul-2026 18:16:58.998 INFO [main] org.apache.catalina.startup.HostConfig.deployDirectory Deployment of web application directory [C:\Users\Dell\Downloads\apache-tomcat-9.0.120\webapps\docs] has finished in [494] ms
08-Jul-2026 18:16:58.998 INFO [main] org.apache.catalina.startup.HostConfig.deployDirectory Deploying web application directory [C:\Users\Dell\Downloads\apache-tomcat-9.0.120\webapps\examples]
08-Jul-2026 18:16:59.480 INFO [main] org.apache.catalina.startup.HostConfig.deployDirectory Deployment of web application directory [C:\Users\Dell\Downloads\apache-tomcat-9.0.120\webapps\examples] has finished in [482] ms
08-Jul-2026 18:16:59.481 INFO [main] org.apache.catalina.startup.HostConfig.deployDirectory Deploying web application directory [C:\Users\Dell\Downloads\apache-tomcat-9.0.120\webapps\host-manager]
08-Jul-2026 18:16:59.525 INFO [main] org.apache.catalina.startup.HostConfig.deployDirectory Deployment of web application directory [C:\Users\Dell\Downloads\apache-tomcat-9.0.120\webapps\host-manager] has finished in [44] ms
08-Jul-2026 18:16:59.526 INFO [main] org.apache.catalina.startup.HostConfig.deployDirectory Deploying web application directory [C:\Users\Dell\Downloads\apache-tomcat-9.0.120\webapps\manager]
08-Jul-2026 18:16:59.568 INFO [main] org.apache.catalina.startup.HostConfig.deployDirectory Deployment of web application directory [C:\Users\Dell\Downloads\apache-tomcat-9.0.120\webapps\manager] has finished in [42] ms
08-Jul-2026 18:16:59.568 INFO [main] org.apache.catalina.startup.HostConfig.deployDirectory Deploying web application directory [C:\Users\Dell\Downloads\apache-tomcat-9.0.120\webapps\ROOT]
08-Jul-2026 18:16:59.605 INFO [main] org.apache.catalina.startup.HostConfig.deployDirectory Deployment of web application directory [C:\Users\Dell\Downloads\apache-tomcat-9.0.120\webapps\ROOT] has finished in [37] ms
08-Jul-2026 18:16:59.614 INFO [main] org.apache.catalina.startup.Catalina.start Server startup in [1184] milliseconds
08-Jul-2026 18:16:59.622 SEVERE [main] org.apache.catalina.core.StandardServer.await Failed to create server shutdown socket on address [localhost] and port [8005] (base port [8005] and offset [0])
	java.net.BindException: Address already in use: bind
		at java.base/sun.nio.ch.Net.bind0(Native Method)
		at java.base/sun.nio.ch.Net.bind(Net.java:555)
		at java.base/sun.nio.ch.Net.bind(Net.java:544)
		at java.base/sun.nio.ch.NioSocketImpl.bind(NioSocketImpl.java:648)
		at java.base/java.net.ServerSocket.bind(ServerSocket.java:388)
		at java.base/java.net.ServerSocket.<init>(ServerSocket.java:274)
		at org.apache.catalina.core.StandardServer.await(StandardServer.java:540)
		at org.apache.catalina.startup.Catalina.await(Catalina.java:951)
		at org.apache.catalina.startup.Catalina.start(Catalina.java:899)
		at java.base/jdk.internal.reflect.NativeMethodAccessorImpl.invoke0(Native Method)
		at java.base/jdk.internal.reflect.NativeMethodAccessorImpl.invoke(NativeMethodAccessorImpl.java:77)
		at java.base/jdk.internal.reflect.DelegatingMethodAccessorImpl.invoke(DelegatingMethodAccessorImpl.java:43)
		at java.base/java.lang.reflect.Method.invoke(Method.java:568)
		at org.apache.catalina.startup.Bootstrap.start(Bootstrap.java:348)
		at org.apache.catalina.startup.Bootstrap.main(Bootstrap.java:485)
08-Jul-2026 18:16:59.625 INFO [main] org.apache.coyote.AbstractProtocol.pause Pausing ProtocolHandler ["http-nio-2026"]
08-Jul-2026 18:16:59.627 INFO [main] org.apache.catalina.core.StandardService.stopInternal Stopping service [Catalina]
08-Jul-2026 18:16:59.661 INFO [main] org.apache.coyote.AbstractProtocol.stop Stopping ProtocolHandler ["http-nio-2026"]
08-Jul-2026 18:16:59.662 INFO [main] org.apache.coyote.AbstractProtocol.destroy Destroying ProtocolHandler ["http-nio-2026"]
08-Jul-2026 18:17:10.791 INFO [Thread-1] org.apache.coyote.AbstractProtocol.pause Pausing ProtocolHandler ["http-nio-2026"]
08-Jul-2026 18:17:11.170 INFO [Thread-1] org.apache.catalina.core.StandardService.stopInternal Stopping service [Catalina]
08-Jul-2026 18:17:11.204 INFO [Thread-1] org.apache.coyote.AbstractProtocol.stop Stopping ProtocolHandler ["http-nio-2026"]
08-Jul-2026 18:17:11.219 INFO [Thread-1] org.apache.coyote.AbstractProtocol.destroy Destroying ProtocolHandler ["http-nio-2026"]
08-Jul-2026 18:17:15.765 INFO [main] org.apache.catalina.startup.VersionLoggerListener.log Server version name:   Apache Tomcat/9.0.120
08-Jul-2026 18:17:15.776 INFO [main] org.apache.catalina.startup.VersionLoggerListener.log Server built:          Jul 3 2026 07:49:53 UTC
08-Jul-2026 18:17:15.777 INFO [main] org.apache.catalina.startup.VersionLoggerListener.log Server version number: 9.0.120.0
08-Jul-2026 18:17:15.778 INFO [main] org.apache.catalina.startup.VersionLoggerListener.log OS Name:               Windows 10
08-Jul-2026 18:17:15.778 INFO [main] org.apache.catalina.startup.VersionLoggerListener.log OS Version:            10.0
08-Jul-2026 18:17:15.779 INFO [main] org.apache.catalina.startup.VersionLoggerListener.log Architecture:          amd64
08-Jul-2026 18:17:15.779 INFO [main] org.apache.catalina.startup.VersionLoggerListener.log Java Home:             C:\Program Files\Java\jdk-17
08-Jul-2026 18:17:15.779 INFO [main] org.apache.catalina.startup.VersionLoggerListener.log JVM Version:           17.0.10+11-LTS-240
08-Jul-2026 18:17:15.780 INFO [main] org.apache.catalina.startup.VersionLoggerListener.log JVM Vendor:            Oracle Corporation
08-Jul-2026 18:17:15.780 INFO [main] org.apache.catalina.startup.VersionLoggerListener.log CATALINA_BASE:         C:\Users\Dell\Downloads\apache-tomcat-9.0.120
08-Jul-2026 18:17:15.781 INFO [main] org.apache.catalina.startup.VersionLoggerListener.log CATALINA_HOME:         C:\Users\Dell\Downloads\apache-tomcat-9.0.120
08-Jul-2026 18:17:15.797 INFO [main] org.apache.catalina.startup.VersionLoggerListener.log Command line argument: --add-opens=java.base/java.lang=ALL-UNNAMED
08-Jul-2026 18:17:15.798 INFO [main] org.apache.catalina.startup.VersionLoggerListener.log Command line argument: --add-opens=java.base/java.lang.invoke=ALL-UNNAMED
08-Jul-2026 18:17:15.798 INFO [main] org.apache.catalina.startup.VersionLoggerListener.log Command line argument: --add-opens=java.base/java.lang.reflect=ALL-UNNAMED
08-Jul-2026 18:17:15.798 INFO [main] org.apache.catalina.startup.VersionLoggerListener.log Command line argument: --add-opens=java.base/java.io=ALL-UNNAMED
08-Jul-2026 18:17:15.799 INFO [main] org.apache.catalina.startup.VersionLoggerListener.log Command line argument: --add-opens=java.base/java.util=ALL-UNNAMED
08-Jul-2026 18:17:15.800 INFO [main] org.apache.catalina.startup.VersionLoggerListener.log Command line argument: --add-opens=java.base/java.util.concurrent=ALL-UNNAMED
08-Jul-2026 18:17:15.801 INFO [main] org.apache.catalina.startup.VersionLoggerListener.log Command line argument: --add-opens=java.rmi/sun.rmi.transport=ALL-UNNAMED
08-Jul-2026 18:17:15.802 INFO [main] org.apache.catalina.startup.VersionLoggerListener.log Command line argument: -Djava.util.logging.config.file=C:\Users\Dell\Downloads\apache-tomcat-9.0.120\conf\logging.properties
08-Jul-2026 18:17:15.803 INFO [main] org.apache.catalina.startup.VersionLoggerListener.log Command line argument: -Djava.util.logging.manager=org.apache.juli.ClassLoaderLogManager
08-Jul-2026 18:17:15.803 INFO [main] org.apache.catalina.startup.VersionLoggerListener.log Command line argument: -Djdk.tls.ephemeralDHKeySize=2048
08-Jul-2026 18:17:15.804 INFO [main] org.apache.catalina.startup.VersionLoggerListener.log Command line argument: -Djava.protocol.handler.pkgs=org.apache.catalina.webresources
08-Jul-2026 18:17:15.808 INFO [main] org.apache.catalina.startup.VersionLoggerListener.log Command line argument: -Dsun.io.useCanonCaches=false
08-Jul-2026 18:17:15.808 INFO [main] org.apache.catalina.startup.VersionLoggerListener.log Command line argument: -Dignore.endorsed.dirs=
08-Jul-2026 18:17:15.809 INFO [main] org.apache.catalina.startup.VersionLoggerListener.log Command line argument: -Dcatalina.base=C:\Users\Dell\Downloads\apache-tomcat-9.0.120
08-Jul-2026 18:17:15.810 INFO [main] org.apache.catalina.startup.VersionLoggerListener.log Command line argument: -Dcatalina.home=C:\Users\Dell\Downloads\apache-tomcat-9.0.120
08-Jul-2026 18:17:15.810 INFO [main] org.apache.catalina.startup.VersionLoggerListener.log Command line argument: -Djava.io.tmpdir=C:\Users\Dell\Downloads\apache-tomcat-9.0.120\temp
08-Jul-2026 18:17:15.816 INFO [main] org.apache.catalina.core.AprLifecycleListener.lifecycleEvent Loaded Apache Tomcat Native library [1.3.8] using APR version [1.7.6].
08-Jul-2026 18:17:15.816 INFO [main] org.apache.catalina.core.AprLifecycleListener.lifecycleEvent APR capabilities: IPv6 [true], sendfile [true], accept filters [false], random [true], UDS [true].
08-Jul-2026 18:17:15.817 INFO [main] org.apache.catalina.core.AprLifecycleListener.lifecycleEvent APR/OpenSSL configuration: useAprConnector [false], useOpenSSL [true]
08-Jul-2026 18:17:15.826 INFO [main] org.apache.catalina.core.AprLifecycleListener.initializeSSL OpenSSL successfully initialized [OpenSSL 3.0.21 9 Jun 2026]
08-Jul-2026 18:17:16.249 INFO [main] org.apache.coyote.AbstractProtocol.init Initializing ProtocolHandler ["http-nio-2026"]
08-Jul-2026 18:17:16.286 INFO [main] org.apache.catalina.startup.Catalina.load Server initialization in [909] milliseconds
08-Jul-2026 18:17:16.365 INFO [main] org.apache.catalina.core.StandardService.startInternal Starting service [Catalina]
08-Jul-2026 18:17:16.367 INFO [main] org.apache.catalina.core.StandardEngine.startInternal Starting Servlet engine: [Apache Tomcat/9.0.120]
08-Jul-2026 18:17:16.387 INFO [main] org.apache.catalina.startup.HostConfig.deployDirectory Deploying web application directory [C:\Users\Dell\Downloads\apache-tomcat-9.0.120\webapps\docs]
08-Jul-2026 18:17:16.882 INFO [main] org.apache.catalina.startup.HostConfig.deployDirectory Deployment of web application directory [C:\Users\Dell\Downloads\apache-tomcat-9.0.120\webapps\docs] has finished in [494] ms
08-Jul-2026 18:17:16.882 INFO [main] org.apache.catalina.startup.HostConfig.deployDirectory Deploying web application directory [C:\Users\Dell\Downloads\apache-tomcat-9.0.120\webapps\examples]
08-Jul-2026 18:17:17.395 INFO [main] org.apache.catalina.startup.HostConfig.deployDirectory Deployment of web application directory [C:\Users\Dell\Downloads\apache-tomcat-9.0.120\webapps\examples] has finished in [513] ms
08-Jul-2026 18:17:17.396 INFO [main] org.apache.catalina.startup.HostConfig.deployDirectory Deploying web application directory [C:\Users\Dell\Downloads\apache-tomcat-9.0.120\webapps\host-manager]
08-Jul-2026 18:17:17.445 INFO [main] org.apache.catalina.startup.HostConfig.deployDirectory Deployment of web application directory [C:\Users\Dell\Downloads\apache-tomcat-9.0.120\webapps\host-manager] has finished in [48] ms
08-Jul-2026 18:17:17.445 INFO [main] org.apache.catalina.startup.HostConfig.deployDirectory Deploying web application directory [C:\Users\Dell\Downloads\apache-tomcat-9.0.120\webapps\manager]
08-Jul-2026 18:17:17.491 INFO [main] org.apache.catalina.startup.HostConfig.deployDirectory Deployment of web application directory [C:\Users\Dell\Downloads\apache-tomcat-9.0.120\webapps\manager] has finished in [46] ms
08-Jul-2026 18:17:17.491 INFO [main] org.apache.catalina.startup.HostConfig.deployDirectory Deploying web application directory [C:\Users\Dell\Downloads\apache-tomcat-9.0.120\webapps\ROOT]
08-Jul-2026 18:17:17.524 INFO [main] org.apache.catalina.startup.HostConfig.deployDirectory Deployment of web application directory [C:\Users\Dell\Downloads\apache-tomcat-9.0.120\webapps\ROOT] has finished in [32] ms
08-Jul-2026 18:17:17.530 INFO [main] org.apache.coyote.AbstractProtocol.start Starting ProtocolHandler ["http-nio-2026"]
08-Jul-2026 18:17:17.582 INFO [main] org.apache.catalina.startup.Catalina.start Server startup in [1295] milliseconds
08-Jul-2026 18:25:00.694 INFO [main] org.apache.catalina.startup.VersionLoggerListener.log Server version name:   Apache Tomcat/9.0.120
08-Jul-2026 18:25:00.702 INFO [main] org.apache.catalina.startup.VersionLoggerListener.log Server built:          Jul 3 2026 07:49:53 UTC
08-Jul-2026 18:25:00.703 INFO [main] org.apache.catalina.startup.VersionLoggerListener.log Server version number: 9.0.120.0
08-Jul-2026 18:25:00.703 INFO [main] org.apache.catalina.startup.VersionLoggerListener.log OS Name:               Windows 10
08-Jul-2026 18:25:00.704 INFO [main] org.apache.catalina.startup.VersionLoggerListener.log OS Version:            10.0
08-Jul-2026 18:25:00.704 INFO [main] org.apache.catalina.startup.VersionLoggerListener.log Architecture:          amd64
08-Jul-2026 18:25:00.704 INFO [main] org.apache.catalina.startup.VersionLoggerListener.log Java Home:             C:\Program Files\Java\jdk-17
08-Jul-2026 18:25:00.705 INFO [main] org.apache.catalina.startup.VersionLoggerListener.log JVM Version:           17.0.10+11-LTS-240
08-Jul-2026 18:25:00.705 INFO [main] org.apache.catalina.startup.VersionLoggerListener.log JVM Vendor:            Oracle Corporation
08-Jul-2026 18:25:00.705 INFO [main] org.apache.catalina.startup.VersionLoggerListener.log CATALINA_BASE:         C:\Users\Dell\Downloads\apache-tomcat-9.0.120
08-Jul-2026 18:25:00.706 INFO [main] org.apache.catalina.startup.VersionLoggerListener.log CATALINA_HOME:         C:\Users\Dell\Downloads\apache-tomcat-9.0.120
08-Jul-2026 18:25:00.723 INFO [main] org.apache.catalina.startup.VersionLoggerListener.log Command line argument: --add-opens=java.base/java.lang=ALL-UNNAMED
08-Jul-2026 18:25:00.724 INFO [main] org.apache.catalina.startup.VersionLoggerListener.log Command line argument: --add-opens=java.base/java.lang.invoke=ALL-UNNAMED
08-Jul-2026 18:25:00.724 INFO [main] org.apache.catalina.startup.VersionLoggerListener.log Command line argument: --add-opens=java.base/java.lang.reflect=ALL-UNNAMED
08-Jul-2026 18:25:00.724 INFO [main] org.apache.catalina.startup.VersionLoggerListener.log Command line argument: --add-opens=java.base/java.io=ALL-UNNAMED
08-Jul-2026 18:25:00.725 INFO [main] org.apache.catalina.startup.VersionLoggerListener.log Command line argument: --add-opens=java.base/java.util=ALL-UNNAMED
08-Jul-2026 18:25:00.726 INFO [main] org.apache.catalina.startup.VersionLoggerListener.log Command line argument: --add-opens=java.base/java.util.concurrent=ALL-UNNAMED
08-Jul-2026 18:25:00.727 INFO [main] org.apache.catalina.startup.VersionLoggerListener.log Command line argument: --add-opens=java.rmi/sun.rmi.transport=ALL-UNNAMED
08-Jul-2026 18:25:00.727 INFO [main] org.apache.catalina.startup.VersionLoggerListener.log Command line argument: -Djava.util.logging.config.file=C:\Users\Dell\Downloads\apache-tomcat-9.0.120\conf\logging.properties
08-Jul-2026 18:25:00.728 INFO [main] org.apache.catalina.startup.VersionLoggerListener.log Command line argument: -Djava.util.logging.manager=org.apache.juli.ClassLoaderLogManager
08-Jul-2026 18:25:00.729 INFO [main] org.apache.catalina.startup.VersionLoggerListener.log Command line argument: -Djdk.tls.ephemeralDHKeySize=2048
08-Jul-2026 18:25:00.730 INFO [main] org.apache.catalina.startup.VersionLoggerListener.log Command line argument: -Djava.protocol.handler.pkgs=org.apache.catalina.webresources
08-Jul-2026 18:25:00.730 INFO [main] org.apache.catalina.startup.VersionLoggerListener.log Command line argument: -Dsun.io.useCanonCaches=false
08-Jul-2026 18:25:00.731 INFO [main] org.apache.catalina.startup.VersionLoggerListener.log Command line argument: -Dignore.endorsed.dirs=
08-Jul-2026 18:25:00.732 INFO [main] org.apache.catalina.startup.VersionLoggerListener.log Command line argument: -Dcatalina.base=C:\Users\Dell\Downloads\apache-tomcat-9.0.120
08-Jul-2026 18:25:00.732 INFO [main] org.apache.catalina.startup.VersionLoggerListener.log Command line argument: -Dcatalina.home=C:\Users\Dell\Downloads\apache-tomcat-9.0.120
08-Jul-2026 18:25:00.733 INFO [main] org.apache.catalina.startup.VersionLoggerListener.log Command line argument: -Djava.io.tmpdir=C:\Users\Dell\Downloads\apache-tomcat-9.0.120\temp
08-Jul-2026 18:25:00.742 INFO [main] org.apache.catalina.core.AprLifecycleListener.lifecycleEvent Loaded Apache Tomcat Native library [1.3.8] using APR version [1.7.6].
08-Jul-2026 18:25:00.742 INFO [main] org.apache.catalina.core.AprLifecycleListener.lifecycleEvent APR capabilities: IPv6 [true], sendfile [true], accept filters [false], random [true], UDS [true].
08-Jul-2026 18:25:00.743 INFO [main] org.apache.catalina.core.AprLifecycleListener.lifecycleEvent APR/OpenSSL configuration: useAprConnector [false], useOpenSSL [true]
08-Jul-2026 18:25:00.752 INFO [main] org.apache.catalina.core.AprLifecycleListener.initializeSSL OpenSSL successfully initialized [OpenSSL 3.0.21 9 Jun 2026]
08-Jul-2026 18:25:01.235 INFO [main] org.apache.coyote.AbstractProtocol.init Initializing ProtocolHandler ["http-nio-8080"]
08-Jul-2026 18:25:01.270 INFO [main] org.apache.catalina.startup.Catalina.load Server initialization in [941] milliseconds
08-Jul-2026 18:25:01.338 INFO [main] org.apache.catalina.core.StandardService.startInternal Starting service [Catalina]
08-Jul-2026 18:25:01.339 INFO [main] org.apache.catalina.core.StandardEngine.startInternal Starting Servlet engine: [Apache Tomcat/9.0.120]
08-Jul-2026 18:25:01.358 INFO [main] org.apache.catalina.startup.HostConfig.deployDirectory Deploying web application directory [C:\Users\Dell\Downloads\apache-tomcat-9.0.120\webapps\docs]
08-Jul-2026 18:25:01.904 INFO [main] org.apache.catalina.startup.HostConfig.deployDirectory Deployment of web application directory [C:\Users\Dell\Downloads\apache-tomcat-9.0.120\webapps\docs] has finished in [545] ms
08-Jul-2026 18:25:01.905 INFO [main] org.apache.catalina.startup.HostConfig.deployDirectory Deploying web application directory [C:\Users\Dell\Downloads\apache-tomcat-9.0.120\webapps\examples]
08-Jul-2026 18:25:02.421 INFO [main] org.apache.catalina.startup.HostConfig.deployDirectory Deployment of web application directory [C:\Users\Dell\Downloads\apache-tomcat-9.0.120\webapps\examples] has finished in [517] ms
08-Jul-2026 18:25:02.422 INFO [main] org.apache.catalina.startup.HostConfig.deployDirectory Deploying web application directory [C:\Users\Dell\Downloads\apache-tomcat-9.0.120\webapps\host-manager]
08-Jul-2026 18:25:02.471 INFO [main] org.apache.catalina.startup.HostConfig.deployDirectory Deployment of web application directory [C:\Users\Dell\Downloads\apache-tomcat-9.0.120\webapps\host-manager] has finished in [48] ms
08-Jul-2026 18:25:02.471 INFO [main] org.apache.catalina.startup.HostConfig.deployDirectory Deploying web application directory [C:\Users\Dell\Downloads\apache-tomcat-9.0.120\webapps\manager]
08-Jul-2026 18:25:02.521 INFO [main] org.apache.catalina.startup.HostConfig.deployDirectory Deployment of web application directory [C:\Users\Dell\Downloads\apache-tomcat-9.0.120\webapps\manager] has finished in [50] ms
08-Jul-2026 18:25:02.522 INFO [main] org.apache.catalina.startup.HostConfig.deployDirectory Deploying web application directory [C:\Users\Dell\Downloads\apache-tomcat-9.0.120\webapps\ROOT]
08-Jul-2026 18:25:02.555 INFO [main] org.apache.catalina.startup.HostConfig.deployDirectory Deployment of web application directory [C:\Users\Dell\Downloads\apache-tomcat-9.0.120\webapps\ROOT] has finished in [32] ms
08-Jul-2026 18:25:02.567 INFO [main] org.apache.coyote.AbstractProtocol.start Starting ProtocolHandler ["http-nio-8080"]
08-Jul-2026 18:25:02.622 INFO [main] org.apache.catalina.startup.Catalina.start Server startup in [1351] milliseconds
