10-Jul-2026 13:30:53.197 INFO [main] org.apache.catalina.startup.VersionLoggerListener.log Server version name:   Apache Tomcat/9.0.120
10-Jul-2026 13:30:53.211 INFO [main] org.apache.catalina.startup.VersionLoggerListener.log Server built:          Jul 3 2026 07:49:53 UTC
10-Jul-2026 13:30:53.212 INFO [main] org.apache.catalina.startup.VersionLoggerListener.log Server version number: 9.0.120.0
10-Jul-2026 13:30:53.212 INFO [main] org.apache.catalina.startup.VersionLoggerListener.log OS Name:               Windows 10
10-Jul-2026 13:30:53.213 INFO [main] org.apache.catalina.startup.VersionLoggerListener.log OS Version:            10.0
10-Jul-2026 13:30:53.213 INFO [main] org.apache.catalina.startup.VersionLoggerListener.log Architecture:          amd64
10-Jul-2026 13:30:53.214 INFO [main] org.apache.catalina.startup.VersionLoggerListener.log Java Home:             C:\Program Files\Java\jdk-17
10-Jul-2026 13:30:53.215 INFO [main] org.apache.catalina.startup.VersionLoggerListener.log JVM Version:           17.0.10+11-LTS-240
10-Jul-2026 13:30:53.216 INFO [main] org.apache.catalina.startup.VersionLoggerListener.log JVM Vendor:            Oracle Corporation
10-Jul-2026 13:30:53.216 INFO [main] org.apache.catalina.startup.VersionLoggerListener.log CATALINA_BASE:         C:\Users\Dell\Downloads\Servers\apache-tomcat-9.0.120
10-Jul-2026 13:30:53.217 INFO [main] org.apache.catalina.startup.VersionLoggerListener.log CATALINA_HOME:         C:\Users\Dell\Downloads\Servers\apache-tomcat-9.0.120
10-Jul-2026 13:30:53.266 INFO [main] org.apache.catalina.startup.VersionLoggerListener.log Command line argument: --add-opens=java.base/java.lang=ALL-UNNAMED
10-Jul-2026 13:30:53.267 INFO [main] org.apache.catalina.startup.VersionLoggerListener.log Command line argument: --add-opens=java.base/java.lang.invoke=ALL-UNNAMED
10-Jul-2026 13:30:53.268 INFO [main] org.apache.catalina.startup.VersionLoggerListener.log Command line argument: --add-opens=java.base/java.lang.reflect=ALL-UNNAMED
10-Jul-2026 13:30:53.269 INFO [main] org.apache.catalina.startup.VersionLoggerListener.log Command line argument: --add-opens=java.base/java.io=ALL-UNNAMED
10-Jul-2026 13:30:53.270 INFO [main] org.apache.catalina.startup.VersionLoggerListener.log Command line argument: --add-opens=java.base/java.util=ALL-UNNAMED
10-Jul-2026 13:30:53.271 INFO [main] org.apache.catalina.startup.VersionLoggerListener.log Command line argument: --add-opens=java.base/java.util.concurrent=ALL-UNNAMED
10-Jul-2026 13:30:53.272 INFO [main] org.apache.catalina.startup.VersionLoggerListener.log Command line argument: --add-opens=java.rmi/sun.rmi.transport=ALL-UNNAMED
10-Jul-2026 13:30:53.274 INFO [main] org.apache.catalina.startup.VersionLoggerListener.log Command line argument: -Djava.util.logging.config.file=C:\Users\Dell\Downloads\Servers\apache-tomcat-9.0.120\conf\logging.properties
10-Jul-2026 13:30:53.275 INFO [main] org.apache.catalina.startup.VersionLoggerListener.log Command line argument: -Djava.util.logging.manager=org.apache.juli.ClassLoaderLogManager
10-Jul-2026 13:30:53.276 INFO [main] org.apache.catalina.startup.VersionLoggerListener.log Command line argument: -Djdk.tls.ephemeralDHKeySize=2048
10-Jul-2026 13:30:53.277 INFO [main] org.apache.catalina.startup.VersionLoggerListener.log Command line argument: -Djava.protocol.handler.pkgs=org.apache.catalina.webresources
10-Jul-2026 13:30:53.278 INFO [main] org.apache.catalina.startup.VersionLoggerListener.log Command line argument: -Dsun.io.useCanonCaches=false
10-Jul-2026 13:30:53.280 INFO [main] org.apache.catalina.startup.VersionLoggerListener.log Command line argument: -Dignore.endorsed.dirs=
10-Jul-2026 13:30:53.281 INFO [main] org.apache.catalina.startup.VersionLoggerListener.log Command line argument: -Dcatalina.base=C:\Users\Dell\Downloads\Servers\apache-tomcat-9.0.120
10-Jul-2026 13:30:53.283 INFO [main] org.apache.catalina.startup.VersionLoggerListener.log Command line argument: -Dcatalina.home=C:\Users\Dell\Downloads\Servers\apache-tomcat-9.0.120
10-Jul-2026 13:30:53.288 INFO [main] org.apache.catalina.startup.VersionLoggerListener.log Command line argument: -Djava.io.tmpdir=C:\Users\Dell\Downloads\Servers\apache-tomcat-9.0.120\temp
10-Jul-2026 13:30:53.304 INFO [main] org.apache.catalina.core.AprLifecycleListener.lifecycleEvent Loaded Apache Tomcat Native library [1.3.8] using APR version [1.7.6].
10-Jul-2026 13:30:53.305 INFO [main] org.apache.catalina.core.AprLifecycleListener.lifecycleEvent APR capabilities: IPv6 [true], sendfile [true], accept filters [false], random [true], UDS [true].
10-Jul-2026 13:30:53.307 INFO [main] org.apache.catalina.core.AprLifecycleListener.lifecycleEvent APR/OpenSSL configuration: useAprConnector [false], useOpenSSL [true]
10-Jul-2026 13:30:53.362 INFO [main] org.apache.catalina.core.AprLifecycleListener.initializeSSL OpenSSL successfully initialized [OpenSSL 3.0.21 9 Jun 2026]
10-Jul-2026 13:30:54.061 INFO [main] org.apache.coyote.AbstractProtocol.init Initializing ProtocolHandler ["http-nio-8080"]
10-Jul-2026 13:30:54.111 INFO [main] org.apache.catalina.startup.Catalina.load Server initialization in [1552] milliseconds
10-Jul-2026 13:30:54.214 INFO [main] org.apache.catalina.core.StandardService.startInternal Starting service [Catalina]
10-Jul-2026 13:30:54.215 INFO [main] org.apache.catalina.core.StandardEngine.startInternal Starting Servlet engine: [Apache Tomcat/9.0.120]
10-Jul-2026 13:30:54.240 INFO [main] org.apache.catalina.startup.HostConfig.deployDirectory Deploying web application directory [C:\Users\Dell\Downloads\Servers\apache-tomcat-9.0.120\webapps\docs]
10-Jul-2026 13:30:54.836 INFO [main] org.apache.catalina.startup.HostConfig.deployDirectory Deployment of web application directory [C:\Users\Dell\Downloads\Servers\apache-tomcat-9.0.120\webapps\docs] has finished in [597] ms
10-Jul-2026 13:30:54.839 INFO [main] org.apache.catalina.startup.HostConfig.deployDirectory Deploying web application directory [C:\Users\Dell\Downloads\Servers\apache-tomcat-9.0.120\webapps\examples]
10-Jul-2026 13:30:55.557 INFO [main] org.apache.catalina.startup.HostConfig.deployDirectory Deployment of web application directory [C:\Users\Dell\Downloads\Servers\apache-tomcat-9.0.120\webapps\examples] has finished in [718] ms
10-Jul-2026 13:30:55.558 INFO [main] org.apache.catalina.startup.HostConfig.deployDirectory Deploying web application directory [C:\Users\Dell\Downloads\Servers\apache-tomcat-9.0.120\webapps\host-manager]
10-Jul-2026 13:30:55.613 INFO [main] org.apache.catalina.startup.HostConfig.deployDirectory Deployment of web application directory [C:\Users\Dell\Downloads\Servers\apache-tomcat-9.0.120\webapps\host-manager] has finished in [55] ms
10-Jul-2026 13:30:55.614 INFO [main] org.apache.catalina.startup.HostConfig.deployDirectory Deploying web application directory [C:\Users\Dell\Downloads\Servers\apache-tomcat-9.0.120\webapps\manager]
10-Jul-2026 13:30:55.661 INFO [main] org.apache.catalina.startup.HostConfig.deployDirectory Deployment of web application directory [C:\Users\Dell\Downloads\Servers\apache-tomcat-9.0.120\webapps\manager] has finished in [46] ms
10-Jul-2026 13:30:55.662 INFO [main] org.apache.catalina.startup.HostConfig.deployDirectory Deploying web application directory [C:\Users\Dell\Downloads\Servers\apache-tomcat-9.0.120\webapps\ROOT]
10-Jul-2026 13:30:55.697 INFO [main] org.apache.catalina.startup.HostConfig.deployDirectory Deployment of web application directory [C:\Users\Dell\Downloads\Servers\apache-tomcat-9.0.120\webapps\ROOT] has finished in [35] ms
10-Jul-2026 13:30:55.704 INFO [main] org.apache.coyote.AbstractProtocol.start Starting ProtocolHandler ["http-nio-8080"]
10-Jul-2026 13:30:55.767 INFO [main] org.apache.catalina.startup.Catalina.start Server startup in [1655] milliseconds
10-Jul-2026 13:33:00.115 INFO [Thread-1] org.apache.coyote.AbstractProtocol.pause Pausing ProtocolHandler ["http-nio-8080"]
10-Jul-2026 13:33:00.371 INFO [Thread-1] org.apache.catalina.core.StandardService.stopInternal Stopping service [Catalina]
10-Jul-2026 13:33:00.401 INFO [Thread-1] org.apache.coyote.AbstractProtocol.stop Stopping ProtocolHandler ["http-nio-8080"]
10-Jul-2026 13:33:00.416 INFO [Thread-1] org.apache.coyote.AbstractProtocol.destroy Destroying ProtocolHandler ["http-nio-8080"]
10-Jul-2026 13:34:44.562 INFO [main] org.apache.catalina.startup.VersionLoggerListener.log Server version name:   Apache Tomcat/9.0.120
10-Jul-2026 13:34:44.572 INFO [main] org.apache.catalina.startup.VersionLoggerListener.log Server built:          Jul 3 2026 07:49:53 UTC
10-Jul-2026 13:34:44.573 INFO [main] org.apache.catalina.startup.VersionLoggerListener.log Server version number: 9.0.120.0
10-Jul-2026 13:34:44.574 INFO [main] org.apache.catalina.startup.VersionLoggerListener.log OS Name:               Windows 10
10-Jul-2026 13:34:44.574 INFO [main] org.apache.catalina.startup.VersionLoggerListener.log OS Version:            10.0
10-Jul-2026 13:34:44.574 INFO [main] org.apache.catalina.startup.VersionLoggerListener.log Architecture:          amd64
10-Jul-2026 13:34:44.574 INFO [main] org.apache.catalina.startup.VersionLoggerListener.log Java Home:             C:\Program Files\Java\jdk-17
10-Jul-2026 13:34:44.575 INFO [main] org.apache.catalina.startup.VersionLoggerListener.log JVM Version:           17.0.10+11-LTS-240
10-Jul-2026 13:34:44.575 INFO [main] org.apache.catalina.startup.VersionLoggerListener.log JVM Vendor:            Oracle Corporation
10-Jul-2026 13:34:44.575 INFO [main] org.apache.catalina.startup.VersionLoggerListener.log CATALINA_BASE:         C:\Users\Dell\Downloads\Servers\apache-tomcat-9.0.120
10-Jul-2026 13:34:44.576 INFO [main] org.apache.catalina.startup.VersionLoggerListener.log CATALINA_HOME:         C:\Users\Dell\Downloads\Servers\apache-tomcat-9.0.120
10-Jul-2026 13:34:44.594 INFO [main] org.apache.catalina.startup.VersionLoggerListener.log Command line argument: --add-opens=java.base/java.lang=ALL-UNNAMED
10-Jul-2026 13:34:44.594 INFO [main] org.apache.catalina.startup.VersionLoggerListener.log Command line argument: --add-opens=java.base/java.lang.invoke=ALL-UNNAMED
10-Jul-2026 13:34:44.595 INFO [main] org.apache.catalina.startup.VersionLoggerListener.log Command line argument: --add-opens=java.base/java.lang.reflect=ALL-UNNAMED
10-Jul-2026 13:34:44.596 INFO [main] org.apache.catalina.startup.VersionLoggerListener.log Command line argument: --add-opens=java.base/java.io=ALL-UNNAMED
10-Jul-2026 13:34:44.596 INFO [main] org.apache.catalina.startup.VersionLoggerListener.log Command line argument: --add-opens=java.base/java.util=ALL-UNNAMED
10-Jul-2026 13:34:44.597 INFO [main] org.apache.catalina.startup.VersionLoggerListener.log Command line argument: --add-opens=java.base/java.util.concurrent=ALL-UNNAMED
10-Jul-2026 13:34:44.598 INFO [main] org.apache.catalina.startup.VersionLoggerListener.log Command line argument: --add-opens=java.rmi/sun.rmi.transport=ALL-UNNAMED
10-Jul-2026 13:34:44.598 INFO [main] org.apache.catalina.startup.VersionLoggerListener.log Command line argument: -Djava.util.logging.config.file=C:\Users\Dell\Downloads\Servers\apache-tomcat-9.0.120\conf\logging.properties
10-Jul-2026 13:34:44.599 INFO [main] org.apache.catalina.startup.VersionLoggerListener.log Command line argument: -Djava.util.logging.manager=org.apache.juli.ClassLoaderLogManager
10-Jul-2026 13:34:44.600 INFO [main] org.apache.catalina.startup.VersionLoggerListener.log Command line argument: -Djdk.tls.ephemeralDHKeySize=2048
10-Jul-2026 13:34:44.600 INFO [main] org.apache.catalina.startup.VersionLoggerListener.log Command line argument: -Djava.protocol.handler.pkgs=org.apache.catalina.webresources
10-Jul-2026 13:34:44.601 INFO [main] org.apache.catalina.startup.VersionLoggerListener.log Command line argument: -Dsun.io.useCanonCaches=false
10-Jul-2026 13:34:44.602 INFO [main] org.apache.catalina.startup.VersionLoggerListener.log Command line argument: -Dignore.endorsed.dirs=
10-Jul-2026 13:34:44.602 INFO [main] org.apache.catalina.startup.VersionLoggerListener.log Command line argument: -Dcatalina.base=C:\Users\Dell\Downloads\Servers\apache-tomcat-9.0.120
10-Jul-2026 13:34:44.603 INFO [main] org.apache.catalina.startup.VersionLoggerListener.log Command line argument: -Dcatalina.home=C:\Users\Dell\Downloads\Servers\apache-tomcat-9.0.120
10-Jul-2026 13:34:44.604 INFO [main] org.apache.catalina.startup.VersionLoggerListener.log Command line argument: -Djava.io.tmpdir=C:\Users\Dell\Downloads\Servers\apache-tomcat-9.0.120\temp
10-Jul-2026 13:34:44.618 INFO [main] org.apache.catalina.core.AprLifecycleListener.lifecycleEvent Loaded Apache Tomcat Native library [1.3.8] using APR version [1.7.6].
10-Jul-2026 13:34:44.620 INFO [main] org.apache.catalina.core.AprLifecycleListener.lifecycleEvent APR capabilities: IPv6 [true], sendfile [true], accept filters [false], random [true], UDS [true].
10-Jul-2026 13:34:44.621 INFO [main] org.apache.catalina.core.AprLifecycleListener.lifecycleEvent APR/OpenSSL configuration: useAprConnector [false], useOpenSSL [true]
10-Jul-2026 13:34:44.676 INFO [main] org.apache.catalina.core.AprLifecycleListener.initializeSSL OpenSSL successfully initialized [OpenSSL 3.0.21 9 Jun 2026]
10-Jul-2026 13:34:45.317 INFO [main] org.apache.coyote.AbstractProtocol.init Initializing ProtocolHandler ["http-nio-8080"]
10-Jul-2026 13:34:45.351 INFO [main] org.apache.catalina.startup.Catalina.load Server initialization in [1189] milliseconds
10-Jul-2026 13:34:45.431 INFO [main] org.apache.catalina.core.StandardService.startInternal Starting service [Catalina]
10-Jul-2026 13:34:45.432 INFO [main] org.apache.catalina.core.StandardEngine.startInternal Starting Servlet engine: [Apache Tomcat/9.0.120]
10-Jul-2026 13:34:45.446 INFO [main] org.apache.catalina.startup.HostConfig.deployDirectory Deploying web application directory [C:\Users\Dell\Downloads\Servers\apache-tomcat-9.0.120\webapps\docs]
10-Jul-2026 13:34:45.936 INFO [main] org.apache.catalina.startup.HostConfig.deployDirectory Deployment of web application directory [C:\Users\Dell\Downloads\Servers\apache-tomcat-9.0.120\webapps\docs] has finished in [489] ms
10-Jul-2026 13:34:45.936 INFO [main] org.apache.catalina.startup.HostConfig.deployDirectory Deploying web application directory [C:\Users\Dell\Downloads\Servers\apache-tomcat-9.0.120\webapps\examples]
10-Jul-2026 13:34:46.426 INFO [main] org.apache.catalina.startup.HostConfig.deployDirectory Deployment of web application directory [C:\Users\Dell\Downloads\Servers\apache-tomcat-9.0.120\webapps\examples] has finished in [490] ms
10-Jul-2026 13:34:46.427 INFO [main] org.apache.catalina.startup.HostConfig.deployDirectory Deploying web application directory [C:\Users\Dell\Downloads\Servers\apache-tomcat-9.0.120\webapps\host-manager]
10-Jul-2026 13:34:46.476 INFO [main] org.apache.catalina.startup.HostConfig.deployDirectory Deployment of web application directory [C:\Users\Dell\Downloads\Servers\apache-tomcat-9.0.120\webapps\host-manager] has finished in [49] ms
10-Jul-2026 13:34:46.477 INFO [main] org.apache.catalina.startup.HostConfig.deployDirectory Deploying web application directory [C:\Users\Dell\Downloads\Servers\apache-tomcat-9.0.120\webapps\manager]
10-Jul-2026 13:34:46.520 INFO [main] org.apache.catalina.startup.HostConfig.deployDirectory Deployment of web application directory [C:\Users\Dell\Downloads\Servers\apache-tomcat-9.0.120\webapps\manager] has finished in [43] ms
10-Jul-2026 13:34:46.521 INFO [main] org.apache.catalina.startup.HostConfig.deployDirectory Deploying web application directory [C:\Users\Dell\Downloads\Servers\apache-tomcat-9.0.120\webapps\ROOT]
10-Jul-2026 13:34:46.555 INFO [main] org.apache.catalina.startup.HostConfig.deployDirectory Deployment of web application directory [C:\Users\Dell\Downloads\Servers\apache-tomcat-9.0.120\webapps\ROOT] has finished in [34] ms
10-Jul-2026 13:34:46.564 INFO [main] org.apache.coyote.AbstractProtocol.start Starting ProtocolHandler ["http-nio-8080"]
10-Jul-2026 13:34:46.610 INFO [main] org.apache.catalina.startup.Catalina.start Server startup in [1258] milliseconds
10-Jul-2026 13:34:54.585 INFO [Thread-1] org.apache.coyote.AbstractProtocol.pause Pausing ProtocolHandler ["http-nio-8080"]
10-Jul-2026 13:34:54.699 INFO [Thread-1] org.apache.catalina.core.StandardService.stopInternal Stopping service [Catalina]
10-Jul-2026 13:34:54.736 INFO [Thread-1] org.apache.coyote.AbstractProtocol.stop Stopping ProtocolHandler ["http-nio-8080"]
10-Jul-2026 13:34:54.762 INFO [Thread-1] org.apache.coyote.AbstractProtocol.destroy Destroying ProtocolHandler ["http-nio-8080"]
10-Jul-2026 13:35:54.654 INFO [main] org.apache.catalina.startup.VersionLoggerListener.log Server version name:   Apache Tomcat/9.0.120
10-Jul-2026 13:35:54.672 INFO [main] org.apache.catalina.startup.VersionLoggerListener.log Server built:          Jul 3 2026 07:49:53 UTC
10-Jul-2026 13:35:54.673 INFO [main] org.apache.catalina.startup.VersionLoggerListener.log Server version number: 9.0.120.0
10-Jul-2026 13:35:54.674 INFO [main] org.apache.catalina.startup.VersionLoggerListener.log OS Name:               Windows 10
10-Jul-2026 13:35:54.674 INFO [main] org.apache.catalina.startup.VersionLoggerListener.log OS Version:            10.0
10-Jul-2026 13:35:54.674 INFO [main] org.apache.catalina.startup.VersionLoggerListener.log Architecture:          amd64
10-Jul-2026 13:35:54.676 INFO [main] org.apache.catalina.startup.VersionLoggerListener.log Java Home:             C:\Program Files\Java\jdk-17
10-Jul-2026 13:35:54.677 INFO [main] org.apache.catalina.startup.VersionLoggerListener.log JVM Version:           17.0.10+11-LTS-240
10-Jul-2026 13:35:54.679 INFO [main] org.apache.catalina.startup.VersionLoggerListener.log JVM Vendor:            Oracle Corporation
10-Jul-2026 13:35:54.680 INFO [main] org.apache.catalina.startup.VersionLoggerListener.log CATALINA_BASE:         C:\Users\Dell\Downloads\Servers\apache-tomcat-9.0.120
10-Jul-2026 13:35:54.680 INFO [main] org.apache.catalina.startup.VersionLoggerListener.log CATALINA_HOME:         C:\Users\Dell\Downloads\Servers\apache-tomcat-9.0.120
10-Jul-2026 13:35:54.704 INFO [main] org.apache.catalina.startup.VersionLoggerListener.log Command line argument: --add-opens=java.base/java.lang=ALL-UNNAMED
10-Jul-2026 13:35:54.705 INFO [main] org.apache.catalina.startup.VersionLoggerListener.log Command line argument: --add-opens=java.base/java.lang.invoke=ALL-UNNAMED
10-Jul-2026 13:35:54.705 INFO [main] org.apache.catalina.startup.VersionLoggerListener.log Command line argument: --add-opens=java.base/java.lang.reflect=ALL-UNNAMED
10-Jul-2026 13:35:54.706 INFO [main] org.apache.catalina.startup.VersionLoggerListener.log Command line argument: --add-opens=java.base/java.io=ALL-UNNAMED
10-Jul-2026 13:35:54.707 INFO [main] org.apache.catalina.startup.VersionLoggerListener.log Command line argument: --add-opens=java.base/java.util=ALL-UNNAMED
10-Jul-2026 13:35:54.709 INFO [main] org.apache.catalina.startup.VersionLoggerListener.log Command line argument: --add-opens=java.base/java.util.concurrent=ALL-UNNAMED
10-Jul-2026 13:35:54.710 INFO [main] org.apache.catalina.startup.VersionLoggerListener.log Command line argument: --add-opens=java.rmi/sun.rmi.transport=ALL-UNNAMED
10-Jul-2026 13:35:54.711 INFO [main] org.apache.catalina.startup.VersionLoggerListener.log Command line argument: -Djava.util.logging.config.file=C:\Users\Dell\Downloads\Servers\apache-tomcat-9.0.120\conf\logging.properties
10-Jul-2026 13:35:54.712 INFO [main] org.apache.catalina.startup.VersionLoggerListener.log Command line argument: -Djava.util.logging.manager=org.apache.juli.ClassLoaderLogManager
10-Jul-2026 13:35:54.713 INFO [main] org.apache.catalina.startup.VersionLoggerListener.log Command line argument: -Djdk.tls.ephemeralDHKeySize=2048
10-Jul-2026 13:35:54.714 INFO [main] org.apache.catalina.startup.VersionLoggerListener.log Command line argument: -Djava.protocol.handler.pkgs=org.apache.catalina.webresources
10-Jul-2026 13:35:54.715 INFO [main] org.apache.catalina.startup.VersionLoggerListener.log Command line argument: -Dsun.io.useCanonCaches=false
10-Jul-2026 13:35:54.716 INFO [main] org.apache.catalina.startup.VersionLoggerListener.log Command line argument: -Dignore.endorsed.dirs=
10-Jul-2026 13:35:54.717 INFO [main] org.apache.catalina.startup.VersionLoggerListener.log Command line argument: -Dcatalina.base=C:\Users\Dell\Downloads\Servers\apache-tomcat-9.0.120
10-Jul-2026 13:35:54.719 INFO [main] org.apache.catalina.startup.VersionLoggerListener.log Command line argument: -Dcatalina.home=C:\Users\Dell\Downloads\Servers\apache-tomcat-9.0.120
10-Jul-2026 13:35:54.725 INFO [main] org.apache.catalina.startup.VersionLoggerListener.log Command line argument: -Djava.io.tmpdir=C:\Users\Dell\Downloads\Servers\apache-tomcat-9.0.120\temp
10-Jul-2026 13:35:54.732 INFO [main] org.apache.catalina.core.AprLifecycleListener.lifecycleEvent Loaded Apache Tomcat Native library [1.3.8] using APR version [1.7.6].
10-Jul-2026 13:35:54.735 INFO [main] org.apache.catalina.core.AprLifecycleListener.lifecycleEvent APR capabilities: IPv6 [true], sendfile [true], accept filters [false], random [true], UDS [true].
10-Jul-2026 13:35:54.737 INFO [main] org.apache.catalina.core.AprLifecycleListener.lifecycleEvent APR/OpenSSL configuration: useAprConnector [false], useOpenSSL [true]
10-Jul-2026 13:35:54.748 INFO [main] org.apache.catalina.core.AprLifecycleListener.initializeSSL OpenSSL successfully initialized [OpenSSL 3.0.21 9 Jun 2026]
10-Jul-2026 13:35:55.215 INFO [main] org.apache.coyote.AbstractProtocol.init Initializing ProtocolHandler ["http-nio-8080"]
10-Jul-2026 13:35:55.250 INFO [main] org.apache.catalina.startup.Catalina.load Server initialization in [1175] milliseconds
10-Jul-2026 13:35:55.329 INFO [main] org.apache.catalina.core.StandardService.startInternal Starting service [Catalina]
10-Jul-2026 13:35:55.330 INFO [main] org.apache.catalina.core.StandardEngine.startInternal Starting Servlet engine: [Apache Tomcat/9.0.120]
10-Jul-2026 13:35:55.350 INFO [main] org.apache.catalina.startup.HostConfig.deployDirectory Deploying web application directory [C:\Users\Dell\Downloads\Servers\apache-tomcat-9.0.120\webapps\docs]
10-Jul-2026 13:35:55.887 INFO [main] org.apache.catalina.startup.HostConfig.deployDirectory Deployment of web application directory [C:\Users\Dell\Downloads\Servers\apache-tomcat-9.0.120\webapps\docs] has finished in [538] ms
10-Jul-2026 13:35:55.888 INFO [main] org.apache.catalina.startup.HostConfig.deployDirectory Deploying web application directory [C:\Users\Dell\Downloads\Servers\apache-tomcat-9.0.120\webapps\examples]
10-Jul-2026 13:35:56.426 INFO [main] org.apache.catalina.startup.HostConfig.deployDirectory Deployment of web application directory [C:\Users\Dell\Downloads\Servers\apache-tomcat-9.0.120\webapps\examples] has finished in [538] ms
10-Jul-2026 13:35:56.426 INFO [main] org.apache.catalina.startup.HostConfig.deployDirectory Deploying web application directory [C:\Users\Dell\Downloads\Servers\apache-tomcat-9.0.120\webapps\host-manager]
10-Jul-2026 13:35:56.470 INFO [main] org.apache.catalina.startup.HostConfig.deployDirectory Deployment of web application directory [C:\Users\Dell\Downloads\Servers\apache-tomcat-9.0.120\webapps\host-manager] has finished in [44] ms
10-Jul-2026 13:35:56.471 INFO [main] org.apache.catalina.startup.HostConfig.deployDirectory Deploying web application directory [C:\Users\Dell\Downloads\Servers\apache-tomcat-9.0.120\webapps\manager]
10-Jul-2026 13:35:56.517 INFO [main] org.apache.catalina.startup.HostConfig.deployDirectory Deployment of web application directory [C:\Users\Dell\Downloads\Servers\apache-tomcat-9.0.120\webapps\manager] has finished in [45] ms
10-Jul-2026 13:35:56.517 INFO [main] org.apache.catalina.startup.HostConfig.deployDirectory Deploying web application directory [C:\Users\Dell\Downloads\Servers\apache-tomcat-9.0.120\webapps\ROOT]
10-Jul-2026 13:35:56.549 INFO [main] org.apache.catalina.startup.HostConfig.deployDirectory Deployment of web application directory [C:\Users\Dell\Downloads\Servers\apache-tomcat-9.0.120\webapps\ROOT] has finished in [32] ms
10-Jul-2026 13:35:56.556 INFO [main] org.apache.coyote.AbstractProtocol.start Starting ProtocolHandler ["http-nio-8080"]
10-Jul-2026 13:35:56.603 INFO [main] org.apache.catalina.startup.Catalina.start Server startup in [1351] milliseconds
10-Jul-2026 13:38:29.443 INFO [main] org.apache.catalina.startup.VersionLoggerListener.log Server version name:   Apache Tomcat/9.0.120
10-Jul-2026 13:38:29.453 INFO [main] org.apache.catalina.startup.VersionLoggerListener.log Server built:          Jul 3 2026 07:49:53 UTC
10-Jul-2026 13:38:29.455 INFO [main] org.apache.catalina.startup.VersionLoggerListener.log Server version number: 9.0.120.0
10-Jul-2026 13:38:29.455 INFO [main] org.apache.catalina.startup.VersionLoggerListener.log OS Name:               Windows 10
10-Jul-2026 13:38:29.456 INFO [main] org.apache.catalina.startup.VersionLoggerListener.log OS Version:            10.0
10-Jul-2026 13:38:29.456 INFO [main] org.apache.catalina.startup.VersionLoggerListener.log Architecture:          amd64
10-Jul-2026 13:38:29.457 INFO [main] org.apache.catalina.startup.VersionLoggerListener.log Java Home:             C:\Program Files\Java\jdk-17
10-Jul-2026 13:38:29.457 INFO [main] org.apache.catalina.startup.VersionLoggerListener.log JVM Version:           17.0.10+11-LTS-240
10-Jul-2026 13:38:29.458 INFO [main] org.apache.catalina.startup.VersionLoggerListener.log JVM Vendor:            Oracle Corporation
10-Jul-2026 13:38:29.458 INFO [main] org.apache.catalina.startup.VersionLoggerListener.log CATALINA_BASE:         C:\Users\Dell\Downloads\Servers\apache-tomcat-9.0.120
10-Jul-2026 13:38:29.459 INFO [main] org.apache.catalina.startup.VersionLoggerListener.log CATALINA_HOME:         C:\Users\Dell\Downloads\Servers\apache-tomcat-9.0.120
10-Jul-2026 13:38:29.481 INFO [main] org.apache.catalina.startup.VersionLoggerListener.log Command line argument: --add-opens=java.base/java.lang=ALL-UNNAMED
10-Jul-2026 13:38:29.482 INFO [main] org.apache.catalina.startup.VersionLoggerListener.log Command line argument: --add-opens=java.base/java.lang.invoke=ALL-UNNAMED
10-Jul-2026 13:38:29.482 INFO [main] org.apache.catalina.startup.VersionLoggerListener.log Command line argument: --add-opens=java.base/java.lang.reflect=ALL-UNNAMED
10-Jul-2026 13:38:29.483 INFO [main] org.apache.catalina.startup.VersionLoggerListener.log Command line argument: --add-opens=java.base/java.io=ALL-UNNAMED
10-Jul-2026 13:38:29.484 INFO [main] org.apache.catalina.startup.VersionLoggerListener.log Command line argument: --add-opens=java.base/java.util=ALL-UNNAMED
10-Jul-2026 13:38:29.487 INFO [main] org.apache.catalina.startup.VersionLoggerListener.log Command line argument: --add-opens=java.base/java.util.concurrent=ALL-UNNAMED
10-Jul-2026 13:38:29.488 INFO [main] org.apache.catalina.startup.VersionLoggerListener.log Command line argument: --add-opens=java.rmi/sun.rmi.transport=ALL-UNNAMED
10-Jul-2026 13:38:29.491 INFO [main] org.apache.catalina.startup.VersionLoggerListener.log Command line argument: -Djava.util.logging.config.file=C:\Users\Dell\Downloads\Servers\apache-tomcat-9.0.120\conf\logging.properties
10-Jul-2026 13:38:29.492 INFO [main] org.apache.catalina.startup.VersionLoggerListener.log Command line argument: -Djava.util.logging.manager=org.apache.juli.ClassLoaderLogManager
10-Jul-2026 13:38:29.492 INFO [main] org.apache.catalina.startup.VersionLoggerListener.log Command line argument: -Djdk.tls.ephemeralDHKeySize=2048
10-Jul-2026 13:38:29.493 INFO [main] org.apache.catalina.startup.VersionLoggerListener.log Command line argument: -Djava.protocol.handler.pkgs=org.apache.catalina.webresources
10-Jul-2026 13:38:29.494 INFO [main] org.apache.catalina.startup.VersionLoggerListener.log Command line argument: -Dsun.io.useCanonCaches=false
10-Jul-2026 13:38:29.495 INFO [main] org.apache.catalina.startup.VersionLoggerListener.log Command line argument: -Dignore.endorsed.dirs=
10-Jul-2026 13:38:29.496 INFO [main] org.apache.catalina.startup.VersionLoggerListener.log Command line argument: -Dcatalina.base=C:\Users\Dell\Downloads\Servers\apache-tomcat-9.0.120
10-Jul-2026 13:38:29.497 INFO [main] org.apache.catalina.startup.VersionLoggerListener.log Command line argument: -Dcatalina.home=C:\Users\Dell\Downloads\Servers\apache-tomcat-9.0.120
10-Jul-2026 13:38:29.499 INFO [main] org.apache.catalina.startup.VersionLoggerListener.log Command line argument: -Djava.io.tmpdir=C:\Users\Dell\Downloads\Servers\apache-tomcat-9.0.120\temp
10-Jul-2026 13:38:29.505 INFO [main] org.apache.catalina.core.AprLifecycleListener.lifecycleEvent Loaded Apache Tomcat Native library [1.3.8] using APR version [1.7.6].
10-Jul-2026 13:38:29.505 INFO [main] org.apache.catalina.core.AprLifecycleListener.lifecycleEvent APR capabilities: IPv6 [true], sendfile [true], accept filters [false], random [true], UDS [true].
10-Jul-2026 13:38:29.508 INFO [main] org.apache.catalina.core.AprLifecycleListener.lifecycleEvent APR/OpenSSL configuration: useAprConnector [false], useOpenSSL [true]
10-Jul-2026 13:38:29.522 INFO [main] org.apache.catalina.core.AprLifecycleListener.initializeSSL OpenSSL successfully initialized [OpenSSL 3.0.21 9 Jun 2026]
10-Jul-2026 13:38:30.091 INFO [main] org.apache.coyote.AbstractProtocol.init Initializing ProtocolHandler ["http-nio-2026"]
10-Jul-2026 13:38:30.127 INFO [main] org.apache.catalina.startup.Catalina.load Server initialization in [1161] milliseconds
10-Jul-2026 13:38:30.221 INFO [main] org.apache.catalina.core.StandardService.startInternal Starting service [Catalina]
10-Jul-2026 13:38:30.221 INFO [main] org.apache.catalina.core.StandardEngine.startInternal Starting Servlet engine: [Apache Tomcat/9.0.120]
10-Jul-2026 13:38:30.240 INFO [main] org.apache.catalina.startup.HostConfig.deployDirectory Deploying web application directory [C:\Users\Dell\Downloads\Servers\apache-tomcat-9.0.120\webapps\docs]
10-Jul-2026 13:38:30.746 INFO [main] org.apache.catalina.startup.HostConfig.deployDirectory Deployment of web application directory [C:\Users\Dell\Downloads\Servers\apache-tomcat-9.0.120\webapps\docs] has finished in [506] ms
10-Jul-2026 13:38:30.747 INFO [main] org.apache.catalina.startup.HostConfig.deployDirectory Deploying web application directory [C:\Users\Dell\Downloads\Servers\apache-tomcat-9.0.120\webapps\examples]
10-Jul-2026 13:38:31.262 INFO [main] org.apache.catalina.startup.HostConfig.deployDirectory Deployment of web application directory [C:\Users\Dell\Downloads\Servers\apache-tomcat-9.0.120\webapps\examples] has finished in [514] ms
10-Jul-2026 13:38:31.263 INFO [main] org.apache.catalina.startup.HostConfig.deployDirectory Deploying web application directory [C:\Users\Dell\Downloads\Servers\apache-tomcat-9.0.120\webapps\host-manager]
10-Jul-2026 13:38:31.306 INFO [main] org.apache.catalina.startup.HostConfig.deployDirectory Deployment of web application directory [C:\Users\Dell\Downloads\Servers\apache-tomcat-9.0.120\webapps\host-manager] has finished in [43] ms
10-Jul-2026 13:38:31.307 INFO [main] org.apache.catalina.startup.HostConfig.deployDirectory Deploying web application directory [C:\Users\Dell\Downloads\Servers\apache-tomcat-9.0.120\webapps\manager]
10-Jul-2026 13:38:31.357 INFO [main] org.apache.catalina.startup.HostConfig.deployDirectory Deployment of web application directory [C:\Users\Dell\Downloads\Servers\apache-tomcat-9.0.120\webapps\manager] has finished in [50] ms
10-Jul-2026 13:38:31.357 INFO [main] org.apache.catalina.startup.HostConfig.deployDirectory Deploying web application directory [C:\Users\Dell\Downloads\Servers\apache-tomcat-9.0.120\webapps\ROOT]
10-Jul-2026 13:38:31.388 INFO [main] org.apache.catalina.startup.HostConfig.deployDirectory Deployment of web application directory [C:\Users\Dell\Downloads\Servers\apache-tomcat-9.0.120\webapps\ROOT] has finished in [31] ms
10-Jul-2026 13:38:31.396 INFO [main] org.apache.coyote.AbstractProtocol.start Starting ProtocolHandler ["http-nio-2026"]
10-Jul-2026 13:38:31.449 INFO [main] org.apache.catalina.startup.Catalina.start Server startup in [1320] milliseconds
10-Jul-2026 13:38:31.458 SEVERE [main] org.apache.catalina.core.StandardServer.await Failed to create server shutdown socket on address [localhost] and port [8005] (base port [8005] and offset [0])
	java.net.BindException: Address already in use: bind
		at java.base/sun.nio.ch.Net.bind0(Native Method)
		at java.base/sun.nio.ch.Net.bind(Net.java:555)
		at java.base/sun.nio.ch.Net.bind(Net.java:544)
		at java.base/sun.nio.ch.NioSocketImpl.bind(NioSocketImpl.java:648)
		at java.base/java.net.ServerSocket.bind(ServerSocket.java:388)
		at java.base/java.net.ServerSocket.<init>(ServerSocket.java:274)
		at org.apache.catalina.core.StandardServer.await(StandardServer.java:540)
		at org.apache.catalina.startup.Catalina.await(Catalina.java:951)
		at org.apache.catalina.startup.Catalina.start(Catalina.java:899)
		at java.base/jdk.internal.reflect.NativeMethodAccessorImpl.invoke0(Native Method)
		at java.base/jdk.internal.reflect.NativeMethodAccessorImpl.invoke(NativeMethodAccessorImpl.java:77)
		at java.base/jdk.internal.reflect.DelegatingMethodAccessorImpl.invoke(DelegatingMethodAccessorImpl.java:43)
		at java.base/java.lang.reflect.Method.invoke(Method.java:568)
		at org.apache.catalina.startup.Bootstrap.start(Bootstrap.java:348)
		at org.apache.catalina.startup.Bootstrap.main(Bootstrap.java:485)
10-Jul-2026 13:38:31.461 INFO [main] org.apache.coyote.AbstractProtocol.pause Pausing ProtocolHandler ["http-nio-2026"]
10-Jul-2026 13:38:31.498 INFO [main] org.apache.catalina.core.StandardService.stopInternal Stopping service [Catalina]
10-Jul-2026 13:38:31.547 INFO [main] org.apache.coyote.AbstractProtocol.stop Stopping ProtocolHandler ["http-nio-2026"]
10-Jul-2026 13:38:31.562 INFO [main] org.apache.coyote.AbstractProtocol.destroy Destroying ProtocolHandler ["http-nio-2026"]
10-Jul-2026 13:39:17.876 INFO [main] org.apache.catalina.core.StandardServer.await A valid shutdown command was received via the shutdown port. Stopping the Server instance.
10-Jul-2026 13:39:17.879 INFO [main] org.apache.coyote.AbstractProtocol.pause Pausing ProtocolHandler ["http-nio-8080"]
10-Jul-2026 13:39:17.937 INFO [main] org.apache.catalina.core.StandardService.stopInternal Stopping service [Catalina]
10-Jul-2026 13:39:17.964 INFO [main] org.apache.coyote.AbstractProtocol.stop Stopping ProtocolHandler ["http-nio-8080"]
10-Jul-2026 13:39:17.980 INFO [main] org.apache.coyote.AbstractProtocol.destroy Destroying ProtocolHandler ["http-nio-8080"]
10-Jul-2026 13:39:23.900 INFO [main] org.apache.catalina.startup.VersionLoggerListener.log Server version name:   Apache Tomcat/9.0.120
10-Jul-2026 13:39:23.911 INFO [main] org.apache.catalina.startup.VersionLoggerListener.log Server built:          Jul 3 2026 07:49:53 UTC
10-Jul-2026 13:39:23.912 INFO [main] org.apache.catalina.startup.VersionLoggerListener.log Server version number: 9.0.120.0
10-Jul-2026 13:39:23.912 INFO [main] org.apache.catalina.startup.VersionLoggerListener.log OS Name:               Windows 10
10-Jul-2026 13:39:23.913 INFO [main] org.apache.catalina.startup.VersionLoggerListener.log OS Version:            10.0
10-Jul-2026 13:39:23.913 INFO [main] org.apache.catalina.startup.VersionLoggerListener.log Architecture:          amd64
10-Jul-2026 13:39:23.914 INFO [main] org.apache.catalina.startup.VersionLoggerListener.log Java Home:             C:\Program Files\Java\jdk-17
10-Jul-2026 13:39:23.914 INFO [main] org.apache.catalina.startup.VersionLoggerListener.log JVM Version:           17.0.10+11-LTS-240
10-Jul-2026 13:39:23.914 INFO [main] org.apache.catalina.startup.VersionLoggerListener.log JVM Vendor:            Oracle Corporation
10-Jul-2026 13:39:23.914 INFO [main] org.apache.catalina.startup.VersionLoggerListener.log CATALINA_BASE:         C:\Users\Dell\Downloads\Servers\apache-tomcat-9.0.120
10-Jul-2026 13:39:23.914 INFO [main] org.apache.catalina.startup.VersionLoggerListener.log CATALINA_HOME:         C:\Users\Dell\Downloads\Servers\apache-tomcat-9.0.120
10-Jul-2026 13:39:23.925 INFO [main] org.apache.catalina.startup.VersionLoggerListener.log Command line argument: --add-opens=java.base/java.lang=ALL-UNNAMED
10-Jul-2026 13:39:23.926 INFO [main] org.apache.catalina.startup.VersionLoggerListener.log Command line argument: --add-opens=java.base/java.lang.invoke=ALL-UNNAMED
10-Jul-2026 13:39:23.927 INFO [main] org.apache.catalina.startup.VersionLoggerListener.log Command line argument: --add-opens=java.base/java.lang.reflect=ALL-UNNAMED
10-Jul-2026 13:39:23.927 INFO [main] org.apache.catalina.startup.VersionLoggerListener.log Command line argument: --add-opens=java.base/java.io=ALL-UNNAMED
10-Jul-2026 13:39:23.928 INFO [main] org.apache.catalina.startup.VersionLoggerListener.log Command line argument: --add-opens=java.base/java.util=ALL-UNNAMED
10-Jul-2026 13:39:23.929 INFO [main] org.apache.catalina.startup.VersionLoggerListener.log Command line argument: --add-opens=java.base/java.util.concurrent=ALL-UNNAMED
10-Jul-2026 13:39:23.930 INFO [main] org.apache.catalina.startup.VersionLoggerListener.log Command line argument: --add-opens=java.rmi/sun.rmi.transport=ALL-UNNAMED
10-Jul-2026 13:39:23.930 INFO [main] org.apache.catalina.startup.VersionLoggerListener.log Command line argument: -Djava.util.logging.config.file=C:\Users\Dell\Downloads\Servers\apache-tomcat-9.0.120\conf\logging.properties
10-Jul-2026 13:39:23.931 INFO [main] org.apache.catalina.startup.VersionLoggerListener.log Command line argument: -Djava.util.logging.manager=org.apache.juli.ClassLoaderLogManager
10-Jul-2026 13:39:23.931 INFO [main] org.apache.catalina.startup.VersionLoggerListener.log Command line argument: -Djdk.tls.ephemeralDHKeySize=2048
10-Jul-2026 13:39:23.932 INFO [main] org.apache.catalina.startup.VersionLoggerListener.log Command line argument: -Djava.protocol.handler.pkgs=org.apache.catalina.webresources
10-Jul-2026 13:39:23.932 INFO [main] org.apache.catalina.startup.VersionLoggerListener.log Command line argument: -Dsun.io.useCanonCaches=false
10-Jul-2026 13:39:23.933 INFO [main] org.apache.catalina.startup.VersionLoggerListener.log Command line argument: -Dignore.endorsed.dirs=
10-Jul-2026 13:39:23.933 INFO [main] org.apache.catalina.startup.VersionLoggerListener.log Command line argument: -Dcatalina.base=C:\Users\Dell\Downloads\Servers\apache-tomcat-9.0.120
10-Jul-2026 13:39:23.934 INFO [main] org.apache.catalina.startup.VersionLoggerListener.log Command line argument: -Dcatalina.home=C:\Users\Dell\Downloads\Servers\apache-tomcat-9.0.120
10-Jul-2026 13:39:23.935 INFO [main] org.apache.catalina.startup.VersionLoggerListener.log Command line argument: -Djava.io.tmpdir=C:\Users\Dell\Downloads\Servers\apache-tomcat-9.0.120\temp
10-Jul-2026 13:39:23.939 INFO [main] org.apache.catalina.core.AprLifecycleListener.lifecycleEvent Loaded Apache Tomcat Native library [1.3.8] using APR version [1.7.6].
10-Jul-2026 13:39:23.940 INFO [main] org.apache.catalina.core.AprLifecycleListener.lifecycleEvent APR capabilities: IPv6 [true], sendfile [true], accept filters [false], random [true], UDS [true].
10-Jul-2026 13:39:23.944 INFO [main] org.apache.catalina.core.AprLifecycleListener.lifecycleEvent APR/OpenSSL configuration: useAprConnector [false], useOpenSSL [true]
10-Jul-2026 13:39:23.949 INFO [main] org.apache.catalina.core.AprLifecycleListener.initializeSSL OpenSSL successfully initialized [OpenSSL 3.0.21 9 Jun 2026]
10-Jul-2026 13:39:24.333 INFO [main] org.apache.coyote.AbstractProtocol.init Initializing ProtocolHandler ["http-nio-2026"]
10-Jul-2026 13:39:24.360 INFO [main] org.apache.catalina.startup.Catalina.load Server initialization in [768] milliseconds
10-Jul-2026 13:39:24.418 INFO [main] org.apache.catalina.core.StandardService.startInternal Starting service [Catalina]
10-Jul-2026 13:39:24.418 INFO [main] org.apache.catalina.core.StandardEngine.startInternal Starting Servlet engine: [Apache Tomcat/9.0.120]
10-Jul-2026 13:39:24.430 INFO [main] org.apache.catalina.startup.HostConfig.deployDirectory Deploying web application directory [C:\Users\Dell\Downloads\Servers\apache-tomcat-9.0.120\webapps\docs]
10-Jul-2026 13:39:24.808 INFO [main] org.apache.catalina.startup.HostConfig.deployDirectory Deployment of web application directory [C:\Users\Dell\Downloads\Servers\apache-tomcat-9.0.120\webapps\docs] has finished in [378] ms
10-Jul-2026 13:39:24.809 INFO [main] org.apache.catalina.startup.HostConfig.deployDirectory Deploying web application directory [C:\Users\Dell\Downloads\Servers\apache-tomcat-9.0.120\webapps\examples]
10-Jul-2026 13:39:25.295 INFO [main] org.apache.catalina.startup.HostConfig.deployDirectory Deployment of web application directory [C:\Users\Dell\Downloads\Servers\apache-tomcat-9.0.120\webapps\examples] has finished in [487] ms
10-Jul-2026 13:39:25.296 INFO [main] org.apache.catalina.startup.HostConfig.deployDirectory Deploying web application directory [C:\Users\Dell\Downloads\Servers\apache-tomcat-9.0.120\webapps\host-manager]
10-Jul-2026 13:39:25.338 INFO [main] org.apache.catalina.startup.HostConfig.deployDirectory Deployment of web application directory [C:\Users\Dell\Downloads\Servers\apache-tomcat-9.0.120\webapps\host-manager] has finished in [43] ms
10-Jul-2026 13:39:25.339 INFO [main] org.apache.catalina.startup.HostConfig.deployDirectory Deploying web application directory [C:\Users\Dell\Downloads\Servers\apache-tomcat-9.0.120\webapps\manager]
10-Jul-2026 13:39:25.387 INFO [main] org.apache.catalina.startup.HostConfig.deployDirectory Deployment of web application directory [C:\Users\Dell\Downloads\Servers\apache-tomcat-9.0.120\webapps\manager] has finished in [47] ms
10-Jul-2026 13:39:25.387 INFO [main] org.apache.catalina.startup.HostConfig.deployDirectory Deploying web application directory [C:\Users\Dell\Downloads\Servers\apache-tomcat-9.0.120\webapps\ROOT]
10-Jul-2026 13:39:25.422 INFO [main] org.apache.catalina.startup.HostConfig.deployDirectory Deployment of web application directory [C:\Users\Dell\Downloads\Servers\apache-tomcat-9.0.120\webapps\ROOT] has finished in [35] ms
10-Jul-2026 13:39:25.430 INFO [main] org.apache.coyote.AbstractProtocol.start Starting ProtocolHandler ["http-nio-2026"]
10-Jul-2026 13:39:25.478 INFO [main] org.apache.catalina.startup.Catalina.start Server startup in [1117] milliseconds
10-Jul-2026 13:42:08.437 INFO [Thread-1] org.apache.coyote.AbstractProtocol.pause Pausing ProtocolHandler ["http-nio-2026"]
10-Jul-2026 13:42:08.539 INFO [Thread-1] org.apache.catalina.core.StandardService.stopInternal Stopping service [Catalina]
10-Jul-2026 13:42:08.609 INFO [Thread-1] org.apache.coyote.AbstractProtocol.stop Stopping ProtocolHandler ["http-nio-2026"]
10-Jul-2026 13:42:08.619 INFO [Thread-1] org.apache.coyote.AbstractProtocol.destroy Destroying ProtocolHandler ["http-nio-2026"]
10-Jul-2026 14:05:12.325 INFO [main] org.apache.catalina.startup.VersionLoggerListener.log Server version name:   Apache Tomcat/9.0.120
10-Jul-2026 14:05:12.333 INFO [main] org.apache.catalina.startup.VersionLoggerListener.log Server built:          Jul 3 2026 07:49:53 UTC
10-Jul-2026 14:05:12.334 INFO [main] org.apache.catalina.startup.VersionLoggerListener.log Server version number: 9.0.120.0
10-Jul-2026 14:05:12.334 INFO [main] org.apache.catalina.startup.VersionLoggerListener.log OS Name:               Windows 10
10-Jul-2026 14:05:12.334 INFO [main] org.apache.catalina.startup.VersionLoggerListener.log OS Version:            10.0
10-Jul-2026 14:05:12.335 INFO [main] org.apache.catalina.startup.VersionLoggerListener.log Architecture:          amd64
10-Jul-2026 14:05:12.335 INFO [main] org.apache.catalina.startup.VersionLoggerListener.log Java Home:             C:\Program Files\Java\jdk-17
10-Jul-2026 14:05:12.335 INFO [main] org.apache.catalina.startup.VersionLoggerListener.log JVM Version:           17.0.10+11-LTS-240
10-Jul-2026 14:05:12.336 INFO [main] org.apache.catalina.startup.VersionLoggerListener.log JVM Vendor:            Oracle Corporation
10-Jul-2026 14:05:12.336 INFO [main] org.apache.catalina.startup.VersionLoggerListener.log CATALINA_BASE:         C:\Users\Dell\Downloads\Servers\apache-tomcat-9.0.120
10-Jul-2026 14:05:12.337 INFO [main] org.apache.catalina.startup.VersionLoggerListener.log CATALINA_HOME:         C:\Users\Dell\Downloads\Servers\apache-tomcat-9.0.120
10-Jul-2026 14:05:12.353 INFO [main] org.apache.catalina.startup.VersionLoggerListener.log Command line argument: --add-opens=java.base/java.lang=ALL-UNNAMED
10-Jul-2026 14:05:12.353 INFO [main] org.apache.catalina.startup.VersionLoggerListener.log Command line argument: --add-opens=java.base/java.lang.invoke=ALL-UNNAMED
10-Jul-2026 14:05:12.354 INFO [main] org.apache.catalina.startup.VersionLoggerListener.log Command line argument: --add-opens=java.base/java.lang.reflect=ALL-UNNAMED
10-Jul-2026 14:05:12.354 INFO [main] org.apache.catalina.startup.VersionLoggerListener.log Command line argument: --add-opens=java.base/java.io=ALL-UNNAMED
10-Jul-2026 14:05:12.355 INFO [main] org.apache.catalina.startup.VersionLoggerListener.log Command line argument: --add-opens=java.base/java.util=ALL-UNNAMED
10-Jul-2026 14:05:12.356 INFO [main] org.apache.catalina.startup.VersionLoggerListener.log Command line argument: --add-opens=java.base/java.util.concurrent=ALL-UNNAMED
10-Jul-2026 14:05:12.356 INFO [main] org.apache.catalina.startup.VersionLoggerListener.log Command line argument: --add-opens=java.rmi/sun.rmi.transport=ALL-UNNAMED
10-Jul-2026 14:05:12.357 INFO [main] org.apache.catalina.startup.VersionLoggerListener.log Command line argument: -Djava.util.logging.config.file=C:\Users\Dell\Downloads\Servers\apache-tomcat-9.0.120\conf\logging.properties
10-Jul-2026 14:05:12.358 INFO [main] org.apache.catalina.startup.VersionLoggerListener.log Command line argument: -Djava.util.logging.manager=org.apache.juli.ClassLoaderLogManager
10-Jul-2026 14:05:12.359 INFO [main] org.apache.catalina.startup.VersionLoggerListener.log Command line argument: -Djdk.tls.ephemeralDHKeySize=2048
10-Jul-2026 14:05:12.360 INFO [main] org.apache.catalina.startup.VersionLoggerListener.log Command line argument: -Djava.protocol.handler.pkgs=org.apache.catalina.webresources
10-Jul-2026 14:05:12.360 INFO [main] org.apache.catalina.startup.VersionLoggerListener.log Command line argument: -Dsun.io.useCanonCaches=false
10-Jul-2026 14:05:12.364 INFO [main] org.apache.catalina.startup.VersionLoggerListener.log Command line argument: -Dignore.endorsed.dirs=
10-Jul-2026 14:05:12.365 INFO [main] org.apache.catalina.startup.VersionLoggerListener.log Command line argument: -Dcatalina.base=C:\Users\Dell\Downloads\Servers\apache-tomcat-9.0.120
10-Jul-2026 14:05:12.365 INFO [main] org.apache.catalina.startup.VersionLoggerListener.log Command line argument: -Dcatalina.home=C:\Users\Dell\Downloads\Servers\apache-tomcat-9.0.120
10-Jul-2026 14:05:12.366 INFO [main] org.apache.catalina.startup.VersionLoggerListener.log Command line argument: -Djava.io.tmpdir=C:\Users\Dell\Downloads\Servers\apache-tomcat-9.0.120\temp
10-Jul-2026 14:05:12.372 INFO [main] org.apache.catalina.core.AprLifecycleListener.lifecycleEvent Loaded Apache Tomcat Native library [1.3.8] using APR version [1.7.6].
10-Jul-2026 14:05:12.372 INFO [main] org.apache.catalina.core.AprLifecycleListener.lifecycleEvent APR capabilities: IPv6 [true], sendfile [true], accept filters [false], random [true], UDS [true].
10-Jul-2026 14:05:12.373 INFO [main] org.apache.catalina.core.AprLifecycleListener.lifecycleEvent APR/OpenSSL configuration: useAprConnector [false], useOpenSSL [true]
10-Jul-2026 14:05:12.383 INFO [main] org.apache.catalina.core.AprLifecycleListener.initializeSSL OpenSSL successfully initialized [OpenSSL 3.0.21 9 Jun 2026]
10-Jul-2026 14:05:12.898 INFO [main] org.apache.coyote.AbstractProtocol.init Initializing ProtocolHandler ["http-nio-2026"]
10-Jul-2026 14:05:12.926 INFO [main] org.apache.catalina.startup.Catalina.load Server initialization in [959] milliseconds
10-Jul-2026 14:05:12.978 INFO [main] org.apache.catalina.core.StandardService.startInternal Starting service [Catalina]
10-Jul-2026 14:05:12.978 INFO [main] org.apache.catalina.core.StandardEngine.startInternal Starting Servlet engine: [Apache Tomcat/9.0.120]
10-Jul-2026 14:05:12.991 INFO [main] org.apache.catalina.startup.HostConfig.deployDirectory Deploying web application directory [C:\Users\Dell\Downloads\Servers\apache-tomcat-9.0.120\webapps\docs]
10-Jul-2026 14:05:13.511 INFO [main] org.apache.catalina.startup.HostConfig.deployDirectory Deployment of web application directory [C:\Users\Dell\Downloads\Servers\apache-tomcat-9.0.120\webapps\docs] has finished in [519] ms
10-Jul-2026 14:05:13.512 INFO [main] org.apache.catalina.startup.HostConfig.deployDirectory Deploying web application directory [C:\Users\Dell\Downloads\Servers\apache-tomcat-9.0.120\webapps\examples]
10-Jul-2026 14:05:14.232 INFO [main] org.apache.catalina.startup.HostConfig.deployDirectory Deployment of web application directory [C:\Users\Dell\Downloads\Servers\apache-tomcat-9.0.120\webapps\examples] has finished in [720] ms
10-Jul-2026 14:05:14.233 INFO [main] org.apache.catalina.startup.HostConfig.deployDirectory Deploying web application directory [C:\Users\Dell\Downloads\Servers\apache-tomcat-9.0.120\webapps\host-manager]
10-Jul-2026 14:05:14.282 INFO [main] org.apache.catalina.startup.HostConfig.deployDirectory Deployment of web application directory [C:\Users\Dell\Downloads\Servers\apache-tomcat-9.0.120\webapps\host-manager] has finished in [49] ms
10-Jul-2026 14:05:14.283 INFO [main] org.apache.catalina.startup.HostConfig.deployDirectory Deploying web application directory [C:\Users\Dell\Downloads\Servers\apache-tomcat-9.0.120\webapps\manager]
10-Jul-2026 14:05:14.330 INFO [main] org.apache.catalina.startup.HostConfig.deployDirectory Deployment of web application directory [C:\Users\Dell\Downloads\Servers\apache-tomcat-9.0.120\webapps\manager] has finished in [47] ms
10-Jul-2026 14:05:14.331 INFO [main] org.apache.catalina.startup.HostConfig.deployDirectory Deploying web application directory [C:\Users\Dell\Downloads\Servers\apache-tomcat-9.0.120\webapps\ROOT]
10-Jul-2026 14:05:14.365 INFO [main] org.apache.catalina.startup.HostConfig.deployDirectory Deployment of web application directory [C:\Users\Dell\Downloads\Servers\apache-tomcat-9.0.120\webapps\ROOT] has finished in [33] ms
10-Jul-2026 14:05:14.375 INFO [main] org.apache.coyote.AbstractProtocol.start Starting ProtocolHandler ["http-nio-2026"]
10-Jul-2026 14:05:14.425 INFO [main] org.apache.catalina.startup.Catalina.start Server startup in [1498] milliseconds
10-Jul-2026 14:20:24.984 INFO [Thread-1] org.apache.coyote.AbstractProtocol.pause Pausing ProtocolHandler ["http-nio-2026"]
10-Jul-2026 14:20:25.108 INFO [Thread-1] org.apache.catalina.core.StandardService.stopInternal Stopping service [Catalina]
10-Jul-2026 14:20:25.155 INFO [Thread-1] org.apache.coyote.AbstractProtocol.stop Stopping ProtocolHandler ["http-nio-2026"]
10-Jul-2026 14:20:25.160 INFO [Thread-1] org.apache.coyote.AbstractProtocol.destroy Destroying ProtocolHandler ["http-nio-2026"]
10-Jul-2026 14:20:36.201 INFO [main] org.apache.catalina.startup.VersionLoggerListener.log Server version name:   Apache Tomcat/9.0.120
10-Jul-2026 14:20:36.211 INFO [main] org.apache.catalina.startup.VersionLoggerListener.log Server built:          Jul 3 2026 07:49:53 UTC
10-Jul-2026 14:20:36.211 INFO [main] org.apache.catalina.startup.VersionLoggerListener.log Server version number: 9.0.120.0
10-Jul-2026 14:20:36.211 INFO [main] org.apache.catalina.startup.VersionLoggerListener.log OS Name:               Windows 10
10-Jul-2026 14:20:36.212 INFO [main] org.apache.catalina.startup.VersionLoggerListener.log OS Version:            10.0
10-Jul-2026 14:20:36.213 INFO [main] org.apache.catalina.startup.VersionLoggerListener.log Architecture:          amd64
10-Jul-2026 14:20:36.215 INFO [main] org.apache.catalina.startup.VersionLoggerListener.log Java Home:             C:\Program Files\Java\jdk-17
10-Jul-2026 14:20:36.215 INFO [main] org.apache.catalina.startup.VersionLoggerListener.log JVM Version:           17.0.10+11-LTS-240
10-Jul-2026 14:20:36.215 INFO [main] org.apache.catalina.startup.VersionLoggerListener.log JVM Vendor:            Oracle Corporation
10-Jul-2026 14:20:36.215 INFO [main] org.apache.catalina.startup.VersionLoggerListener.log CATALINA_BASE:         C:\Users\Dell\Downloads\Servers\apache-tomcat-9.0.120
10-Jul-2026 14:20:36.215 INFO [main] org.apache.catalina.startup.VersionLoggerListener.log CATALINA_HOME:         C:\Users\Dell\Downloads\Servers\apache-tomcat-9.0.120
10-Jul-2026 14:20:36.228 INFO [main] org.apache.catalina.startup.VersionLoggerListener.log Command line argument: --add-opens=java.base/java.lang=ALL-UNNAMED
10-Jul-2026 14:20:36.229 INFO [main] org.apache.catalina.startup.VersionLoggerListener.log Command line argument: --add-opens=java.base/java.lang.invoke=ALL-UNNAMED
10-Jul-2026 14:20:36.230 INFO [main] org.apache.catalina.startup.VersionLoggerListener.log Command line argument: --add-opens=java.base/java.lang.reflect=ALL-UNNAMED
10-Jul-2026 14:20:36.231 INFO [main] org.apache.catalina.startup.VersionLoggerListener.log Command line argument: --add-opens=java.base/java.io=ALL-UNNAMED
10-Jul-2026 14:20:36.232 INFO [main] org.apache.catalina.startup.VersionLoggerListener.log Command line argument: --add-opens=java.base/java.util=ALL-UNNAMED
10-Jul-2026 14:20:36.232 INFO [main] org.apache.catalina.startup.VersionLoggerListener.log Command line argument: --add-opens=java.base/java.util.concurrent=ALL-UNNAMED
10-Jul-2026 14:20:36.233 INFO [main] org.apache.catalina.startup.VersionLoggerListener.log Command line argument: --add-opens=java.rmi/sun.rmi.transport=ALL-UNNAMED
10-Jul-2026 14:20:36.233 INFO [main] org.apache.catalina.startup.VersionLoggerListener.log Command line argument: -Djava.util.logging.config.file=C:\Users\Dell\Downloads\Servers\apache-tomcat-9.0.120\conf\logging.properties
10-Jul-2026 14:20:36.234 INFO [main] org.apache.catalina.startup.VersionLoggerListener.log Command line argument: -Djava.util.logging.manager=org.apache.juli.ClassLoaderLogManager
10-Jul-2026 14:20:36.235 INFO [main] org.apache.catalina.startup.VersionLoggerListener.log Command line argument: -Djdk.tls.ephemeralDHKeySize=2048
10-Jul-2026 14:20:36.236 INFO [main] org.apache.catalina.startup.VersionLoggerListener.log Command line argument: -Djava.protocol.handler.pkgs=org.apache.catalina.webresources
10-Jul-2026 14:20:36.237 INFO [main] org.apache.catalina.startup.VersionLoggerListener.log Command line argument: -Dsun.io.useCanonCaches=false
10-Jul-2026 14:20:36.238 INFO [main] org.apache.catalina.startup.VersionLoggerListener.log Command line argument: -Dignore.endorsed.dirs=
10-Jul-2026 14:20:36.239 INFO [main] org.apache.catalina.startup.VersionLoggerListener.log Command line argument: -Dcatalina.base=C:\Users\Dell\Downloads\Servers\apache-tomcat-9.0.120
10-Jul-2026 14:20:36.239 INFO [main] org.apache.catalina.startup.VersionLoggerListener.log Command line argument: -Dcatalina.home=C:\Users\Dell\Downloads\Servers\apache-tomcat-9.0.120
10-Jul-2026 14:20:36.240 INFO [main] org.apache.catalina.startup.VersionLoggerListener.log Command line argument: -Djava.io.tmpdir=C:\Users\Dell\Downloads\Servers\apache-tomcat-9.0.120\temp
10-Jul-2026 14:20:36.248 INFO [main] org.apache.catalina.core.AprLifecycleListener.lifecycleEvent Loaded Apache Tomcat Native library [1.3.8] using APR version [1.7.6].
10-Jul-2026 14:20:36.249 INFO [main] org.apache.catalina.core.AprLifecycleListener.lifecycleEvent APR capabilities: IPv6 [true], sendfile [true], accept filters [false], random [true], UDS [true].
10-Jul-2026 14:20:36.250 INFO [main] org.apache.catalina.core.AprLifecycleListener.lifecycleEvent APR/OpenSSL configuration: useAprConnector [false], useOpenSSL [true]
10-Jul-2026 14:20:36.256 INFO [main] org.apache.catalina.core.AprLifecycleListener.initializeSSL OpenSSL successfully initialized [OpenSSL 3.0.21 9 Jun 2026]
10-Jul-2026 14:20:36.681 INFO [main] org.apache.coyote.AbstractProtocol.init Initializing ProtocolHandler ["http-nio-8080"]
10-Jul-2026 14:20:36.707 SEVERE [main] org.apache.catalina.util.LifecycleBase.handleSubClassException Failed to initialize component [Connector["http-nio-8080"]]
	org.apache.catalina.LifecycleException: Protocol handler initialization failed
		at org.apache.catalina.connector.Connector.initInternal(Connector.java:1273)
		at org.apache.catalina.util.LifecycleBase.init(LifecycleBase.java:128)
		at org.apache.catalina.core.StandardService.initInternal(StandardService.java:543)
		at org.apache.catalina.util.LifecycleBase.init(LifecycleBase.java:128)
		at org.apache.catalina.core.StandardServer.initInternal(StandardServer.java:991)
		at org.apache.catalina.util.LifecycleBase.init(LifecycleBase.java:128)
		at org.apache.catalina.startup.Catalina.load(Catalina.java:810)
		at org.apache.catalina.startup.Catalina.load(Catalina.java:835)
		at java.base/jdk.internal.reflect.NativeMethodAccessorImpl.invoke0(Native Method)
		at java.base/jdk.internal.reflect.NativeMethodAccessorImpl.invoke(NativeMethodAccessorImpl.java:77)
		at java.base/jdk.internal.reflect.DelegatingMethodAccessorImpl.invoke(DelegatingMethodAccessorImpl.java:43)
		at java.base/java.lang.reflect.Method.invoke(Method.java:568)
		at org.apache.catalina.startup.Bootstrap.load(Bootstrap.java:305)
		at org.apache.catalina.startup.Bootstrap.main(Bootstrap.java:484)
	Caused by: java.net.BindException: Address already in use: bind
		at java.base/sun.nio.ch.Net.bind0(Native Method)
		at java.base/sun.nio.ch.Net.bind(Net.java:555)
		at java.base/sun.nio.ch.ServerSocketChannelImpl.netBind(ServerSocketChannelImpl.java:337)
		at java.base/sun.nio.ch.ServerSocketChannelImpl.bind(ServerSocketChannelImpl.java:294)
		at org.apache.tomcat.util.net.NioEndpoint.initServerSocket(NioEndpoint.java:370)
		at org.apache.tomcat.util.net.NioEndpoint.bind(NioEndpoint.java:320)
		at org.apache.tomcat.util.net.AbstractEndpoint.bindWithCleanup(AbstractEndpoint.java:1987)
		at org.apache.tomcat.util.net.AbstractEndpoint.init(AbstractEndpoint.java:2005)
		at org.apache.coyote.AbstractProtocol.init(AbstractProtocol.java:992)
		at org.apache.coyote.http11.AbstractHttp11Protocol.init(AbstractHttp11Protocol.java:93)
		at org.apache.catalina.connector.Connector.initInternal(Connector.java:1271)
		... 13 more
10-Jul-2026 14:20:36.709 INFO [main] org.apache.catalina.startup.Catalina.load Server initialization in [831] milliseconds
10-Jul-2026 14:20:36.793 INFO [main] org.apache.catalina.core.StandardService.startInternal Starting service [Catalina]
10-Jul-2026 14:20:36.794 INFO [main] org.apache.catalina.core.StandardEngine.startInternal Starting Servlet engine: [Apache Tomcat/9.0.120]
10-Jul-2026 14:20:36.816 INFO [main] org.apache.catalina.startup.HostConfig.deployDirectory Deploying web application directory [C:\Users\Dell\Downloads\Servers\apache-tomcat-9.0.120\webapps\docs]
10-Jul-2026 14:20:37.337 INFO [main] org.apache.catalina.startup.HostConfig.deployDirectory Deployment of web application directory [C:\Users\Dell\Downloads\Servers\apache-tomcat-9.0.120\webapps\docs] has finished in [520] ms
10-Jul-2026 14:20:37.337 INFO [main] org.apache.catalina.startup.HostConfig.deployDirectory Deploying web application directory [C:\Users\Dell\Downloads\Servers\apache-tomcat-9.0.120\webapps\examples]
10-Jul-2026 14:20:37.949 INFO [main] org.apache.catalina.startup.HostConfig.deployDirectory Deployment of web application directory [C:\Users\Dell\Downloads\Servers\apache-tomcat-9.0.120\webapps\examples] has finished in [611] ms
10-Jul-2026 14:20:37.949 INFO [main] org.apache.catalina.startup.HostConfig.deployDirectory Deploying web application directory [C:\Users\Dell\Downloads\Servers\apache-tomcat-9.0.120\webapps\host-manager]
10-Jul-2026 14:20:37.991 INFO [main] org.apache.catalina.startup.HostConfig.deployDirectory Deployment of web application directory [C:\Users\Dell\Downloads\Servers\apache-tomcat-9.0.120\webapps\host-manager] has finished in [42] ms
10-Jul-2026 14:20:37.991 INFO [main] org.apache.catalina.startup.HostConfig.deployDirectory Deploying web application directory [C:\Users\Dell\Downloads\Servers\apache-tomcat-9.0.120\webapps\manager]
10-Jul-2026 14:20:38.036 INFO [main] org.apache.catalina.startup.HostConfig.deployDirectory Deployment of web application directory [C:\Users\Dell\Downloads\Servers\apache-tomcat-9.0.120\webapps\manager] has finished in [45] ms
10-Jul-2026 14:20:38.036 INFO [main] org.apache.catalina.startup.HostConfig.deployDirectory Deploying web application directory [C:\Users\Dell\Downloads\Servers\apache-tomcat-9.0.120\webapps\ROOT]
10-Jul-2026 14:20:38.070 INFO [main] org.apache.catalina.startup.HostConfig.deployDirectory Deployment of web application directory [C:\Users\Dell\Downloads\Servers\apache-tomcat-9.0.120\webapps\ROOT] has finished in [34] ms
10-Jul-2026 14:20:38.078 INFO [main] org.apache.catalina.startup.Catalina.start Server startup in [1369] milliseconds
10-Jul-2026 14:27:26.379 INFO [Thread-1] org.apache.coyote.AbstractProtocol.pause Pausing ProtocolHandler ["http-nio-8080"]
10-Jul-2026 14:27:26.382 INFO [Thread-1] org.apache.catalina.core.StandardService.stopInternal Stopping service [Catalina]
10-Jul-2026 14:27:26.456 INFO [Thread-1] org.apache.coyote.AbstractProtocol.stop Stopping ProtocolHandler ["http-nio-8080"]
10-Jul-2026 14:27:26.459 INFO [Thread-1] org.apache.coyote.AbstractProtocol.destroy Destroying ProtocolHandler ["http-nio-8080"]
10-Jul-2026 14:34:55.228 INFO [main] org.apache.catalina.startup.VersionLoggerListener.log Server version name:   Apache Tomcat/9.0.120
10-Jul-2026 14:34:55.237 INFO [main] org.apache.catalina.startup.VersionLoggerListener.log Server built:          Jul 3 2026 07:49:53 UTC
10-Jul-2026 14:34:55.237 INFO [main] org.apache.catalina.startup.VersionLoggerListener.log Server version number: 9.0.120.0
10-Jul-2026 14:34:55.237 INFO [main] org.apache.catalina.startup.VersionLoggerListener.log OS Name:               Windows 10
10-Jul-2026 14:34:55.238 INFO [main] org.apache.catalina.startup.VersionLoggerListener.log OS Version:            10.0
10-Jul-2026 14:34:55.238 INFO [main] org.apache.catalina.startup.VersionLoggerListener.log Architecture:          amd64
10-Jul-2026 14:34:55.238 INFO [main] org.apache.catalina.startup.VersionLoggerListener.log Java Home:             C:\Program Files\Java\jdk-17
10-Jul-2026 14:34:55.239 INFO [main] org.apache.catalina.startup.VersionLoggerListener.log JVM Version:           17.0.10+11-LTS-240
10-Jul-2026 14:34:55.239 INFO [main] org.apache.catalina.startup.VersionLoggerListener.log JVM Vendor:            Oracle Corporation
10-Jul-2026 14:34:55.239 INFO [main] org.apache.catalina.startup.VersionLoggerListener.log CATALINA_BASE:         C:\Users\Dell\Downloads\Servers\apache-tomcat-9.0.120
10-Jul-2026 14:34:55.239 INFO [main] org.apache.catalina.startup.VersionLoggerListener.log CATALINA_HOME:         C:\Users\Dell\Downloads\Servers\apache-tomcat-9.0.120
10-Jul-2026 14:34:55.254 INFO [main] org.apache.catalina.startup.VersionLoggerListener.log Command line argument: --add-opens=java.base/java.lang=ALL-UNNAMED
10-Jul-2026 14:34:55.254 INFO [main] org.apache.catalina.startup.VersionLoggerListener.log Command line argument: --add-opens=java.base/java.lang.invoke=ALL-UNNAMED
10-Jul-2026 14:34:55.255 INFO [main] org.apache.catalina.startup.VersionLoggerListener.log Command line argument: --add-opens=java.base/java.lang.reflect=ALL-UNNAMED
10-Jul-2026 14:34:55.255 INFO [main] org.apache.catalina.startup.VersionLoggerListener.log Command line argument: --add-opens=java.base/java.io=ALL-UNNAMED
10-Jul-2026 14:34:55.256 INFO [main] org.apache.catalina.startup.VersionLoggerListener.log Command line argument: --add-opens=java.base/java.util=ALL-UNNAMED
10-Jul-2026 14:34:55.257 INFO [main] org.apache.catalina.startup.VersionLoggerListener.log Command line argument: --add-opens=java.base/java.util.concurrent=ALL-UNNAMED
10-Jul-2026 14:34:55.258 INFO [main] org.apache.catalina.startup.VersionLoggerListener.log Command line argument: --add-opens=java.rmi/sun.rmi.transport=ALL-UNNAMED
10-Jul-2026 14:34:55.258 INFO [main] org.apache.catalina.startup.VersionLoggerListener.log Command line argument: -Djava.util.logging.config.file=C:\Users\Dell\Downloads\Servers\apache-tomcat-9.0.120\conf\logging.properties
10-Jul-2026 14:34:55.259 INFO [main] org.apache.catalina.startup.VersionLoggerListener.log Command line argument: -Djava.util.logging.manager=org.apache.juli.ClassLoaderLogManager
10-Jul-2026 14:34:55.259 INFO [main] org.apache.catalina.startup.VersionLoggerListener.log Command line argument: -Djdk.tls.ephemeralDHKeySize=2048
10-Jul-2026 14:34:55.260 INFO [main] org.apache.catalina.startup.VersionLoggerListener.log Command line argument: -Djava.protocol.handler.pkgs=org.apache.catalina.webresources
10-Jul-2026 14:34:55.261 INFO [main] org.apache.catalina.startup.VersionLoggerListener.log Command line argument: -Dsun.io.useCanonCaches=false
10-Jul-2026 14:34:55.261 INFO [main] org.apache.catalina.startup.VersionLoggerListener.log Command line argument: -Dignore.endorsed.dirs=
10-Jul-2026 14:34:55.262 INFO [main] org.apache.catalina.startup.VersionLoggerListener.log Command line argument: -Dcatalina.base=C:\Users\Dell\Downloads\Servers\apache-tomcat-9.0.120
10-Jul-2026 14:34:55.262 INFO [main] org.apache.catalina.startup.VersionLoggerListener.log Command line argument: -Dcatalina.home=C:\Users\Dell\Downloads\Servers\apache-tomcat-9.0.120
10-Jul-2026 14:34:55.263 INFO [main] org.apache.catalina.startup.VersionLoggerListener.log Command line argument: -Djava.io.tmpdir=C:\Users\Dell\Downloads\Servers\apache-tomcat-9.0.120\temp
10-Jul-2026 14:34:55.269 INFO [main] org.apache.catalina.core.AprLifecycleListener.lifecycleEvent Loaded Apache Tomcat Native library [1.3.8] using APR version [1.7.6].
10-Jul-2026 14:34:55.271 INFO [main] org.apache.catalina.core.AprLifecycleListener.lifecycleEvent APR capabilities: IPv6 [true], sendfile [true], accept filters [false], random [true], UDS [true].
10-Jul-2026 14:34:55.272 INFO [main] org.apache.catalina.core.AprLifecycleListener.lifecycleEvent APR/OpenSSL configuration: useAprConnector [false], useOpenSSL [true]
10-Jul-2026 14:34:55.281 INFO [main] org.apache.catalina.core.AprLifecycleListener.initializeSSL OpenSSL successfully initialized [OpenSSL 3.0.21 9 Jun 2026]
10-Jul-2026 14:34:55.718 INFO [main] org.apache.coyote.AbstractProtocol.init Initializing ProtocolHandler ["http-nio-8080"]
10-Jul-2026 14:34:55.751 INFO [main] org.apache.catalina.startup.Catalina.load Server initialization in [817] milliseconds
10-Jul-2026 14:34:55.809 INFO [main] org.apache.catalina.core.StandardService.startInternal Starting service [Catalina]
10-Jul-2026 14:34:55.809 INFO [main] org.apache.catalina.core.StandardEngine.startInternal Starting Servlet engine: [Apache Tomcat/9.0.120]
10-Jul-2026 14:34:55.826 INFO [main] org.apache.catalina.startup.HostConfig.deployDirectory Deploying web application directory [C:\Users\Dell\Downloads\Servers\apache-tomcat-9.0.120\webapps\docs]
10-Jul-2026 14:34:56.253 INFO [main] org.apache.catalina.startup.HostConfig.deployDirectory Deployment of web application directory [C:\Users\Dell\Downloads\Servers\apache-tomcat-9.0.120\webapps\docs] has finished in [426] ms
10-Jul-2026 14:34:56.253 INFO [main] org.apache.catalina.startup.HostConfig.deployDirectory Deploying web application directory [C:\Users\Dell\Downloads\Servers\apache-tomcat-9.0.120\webapps\examples]
10-Jul-2026 14:34:56.801 INFO [main] org.apache.catalina.startup.HostConfig.deployDirectory Deployment of web application directory [C:\Users\Dell\Downloads\Servers\apache-tomcat-9.0.120\webapps\examples] has finished in [548] ms
10-Jul-2026 14:34:56.802 INFO [main] org.apache.catalina.startup.HostConfig.deployDirectory Deploying web application directory [C:\Users\Dell\Downloads\Servers\apache-tomcat-9.0.120\webapps\host-manager]
10-Jul-2026 14:34:56.858 INFO [main] org.apache.catalina.startup.HostConfig.deployDirectory Deployment of web application directory [C:\Users\Dell\Downloads\Servers\apache-tomcat-9.0.120\webapps\host-manager] has finished in [55] ms
10-Jul-2026 14:34:56.858 INFO [main] org.apache.catalina.startup.HostConfig.deployDirectory Deploying web application directory [C:\Users\Dell\Downloads\Servers\apache-tomcat-9.0.120\webapps\manager]
10-Jul-2026 14:34:56.910 INFO [main] org.apache.catalina.startup.HostConfig.deployDirectory Deployment of web application directory [C:\Users\Dell\Downloads\Servers\apache-tomcat-9.0.120\webapps\manager] has finished in [51] ms
10-Jul-2026 14:34:56.910 INFO [main] org.apache.catalina.startup.HostConfig.deployDirectory Deploying web application directory [C:\Users\Dell\Downloads\Servers\apache-tomcat-9.0.120\webapps\ROOT]
10-Jul-2026 14:34:56.952 INFO [main] org.apache.catalina.startup.HostConfig.deployDirectory Deployment of web application directory [C:\Users\Dell\Downloads\Servers\apache-tomcat-9.0.120\webapps\ROOT] has finished in [42] ms
10-Jul-2026 14:34:56.960 INFO [main] org.apache.coyote.AbstractProtocol.start Starting ProtocolHandler ["http-nio-8080"]
10-Jul-2026 14:34:57.009 INFO [main] org.apache.catalina.startup.Catalina.start Server startup in [1256] milliseconds
10-Jul-2026 14:38:12.090 INFO [Thread-1] org.apache.coyote.AbstractProtocol.pause Pausing ProtocolHandler ["http-nio-8080"]
10-Jul-2026 14:38:12.180 INFO [Thread-1] org.apache.catalina.core.StandardService.stopInternal Stopping service [Catalina]
10-Jul-2026 14:38:12.205 INFO [Thread-1] org.apache.coyote.AbstractProtocol.stop Stopping ProtocolHandler ["http-nio-8080"]
10-Jul-2026 14:38:12.223 INFO [Thread-1] org.apache.coyote.AbstractProtocol.destroy Destroying ProtocolHandler ["http-nio-8080"]
10-Jul-2026 14:41:15.501 INFO [main] org.apache.catalina.startup.VersionLoggerListener.log Server version name:   Apache Tomcat/9.0.120
10-Jul-2026 14:41:15.513 INFO [main] org.apache.catalina.startup.VersionLoggerListener.log Server built:          Jul 3 2026 07:49:53 UTC
10-Jul-2026 14:41:15.514 INFO [main] org.apache.catalina.startup.VersionLoggerListener.log Server version number: 9.0.120.0
10-Jul-2026 14:41:15.514 INFO [main] org.apache.catalina.startup.VersionLoggerListener.log OS Name:               Windows 10
10-Jul-2026 14:41:15.514 INFO [main] org.apache.catalina.startup.VersionLoggerListener.log OS Version:            10.0
10-Jul-2026 14:41:15.515 INFO [main] org.apache.catalina.startup.VersionLoggerListener.log Architecture:          amd64
10-Jul-2026 14:41:15.515 INFO [main] org.apache.catalina.startup.VersionLoggerListener.log Java Home:             C:\Program Files\Java\jdk-17
10-Jul-2026 14:41:15.516 INFO [main] org.apache.catalina.startup.VersionLoggerListener.log JVM Version:           17.0.10+11-LTS-240
10-Jul-2026 14:41:15.516 INFO [main] org.apache.catalina.startup.VersionLoggerListener.log JVM Vendor:            Oracle Corporation
10-Jul-2026 14:41:15.516 INFO [main] org.apache.catalina.startup.VersionLoggerListener.log CATALINA_BASE:         C:\Users\Dell\Downloads\Servers\apache-tomcat-9.0.120
10-Jul-2026 14:41:15.517 INFO [main] org.apache.catalina.startup.VersionLoggerListener.log CATALINA_HOME:         C:\Users\Dell\Downloads\Servers\apache-tomcat-9.0.120
10-Jul-2026 14:41:15.532 INFO [main] org.apache.catalina.startup.VersionLoggerListener.log Command line argument: --add-opens=java.base/java.lang=ALL-UNNAMED
10-Jul-2026 14:41:15.533 INFO [main] org.apache.catalina.startup.VersionLoggerListener.log Command line argument: --add-opens=java.base/java.lang.invoke=ALL-UNNAMED
10-Jul-2026 14:41:15.533 INFO [main] org.apache.catalina.startup.VersionLoggerListener.log Command line argument: --add-opens=java.base/java.lang.reflect=ALL-UNNAMED
10-Jul-2026 14:41:15.533 INFO [main] org.apache.catalina.startup.VersionLoggerListener.log Command line argument: --add-opens=java.base/java.io=ALL-UNNAMED
10-Jul-2026 14:41:15.534 INFO [main] org.apache.catalina.startup.VersionLoggerListener.log Command line argument: --add-opens=java.base/java.util=ALL-UNNAMED
10-Jul-2026 14:41:15.535 INFO [main] org.apache.catalina.startup.VersionLoggerListener.log Command line argument: --add-opens=java.base/java.util.concurrent=ALL-UNNAMED
10-Jul-2026 14:41:15.540 INFO [main] org.apache.catalina.startup.VersionLoggerListener.log Command line argument: --add-opens=java.rmi/sun.rmi.transport=ALL-UNNAMED
10-Jul-2026 14:41:15.541 INFO [main] org.apache.catalina.startup.VersionLoggerListener.log Command line argument: -Djava.util.logging.config.file=C:\Users\Dell\Downloads\Servers\apache-tomcat-9.0.120\conf\logging.properties
10-Jul-2026 14:41:15.542 INFO [main] org.apache.catalina.startup.VersionLoggerListener.log Command line argument: -Djava.util.logging.manager=org.apache.juli.ClassLoaderLogManager
10-Jul-2026 14:41:15.542 INFO [main] org.apache.catalina.startup.VersionLoggerListener.log Command line argument: -Djdk.tls.ephemeralDHKeySize=2048
10-Jul-2026 14:41:15.543 INFO [main] org.apache.catalina.startup.VersionLoggerListener.log Command line argument: -Djava.protocol.handler.pkgs=org.apache.catalina.webresources
10-Jul-2026 14:41:15.543 INFO [main] org.apache.catalina.startup.VersionLoggerListener.log Command line argument: -Dsun.io.useCanonCaches=false
10-Jul-2026 14:41:15.544 INFO [main] org.apache.catalina.startup.VersionLoggerListener.log Command line argument: -Dignore.endorsed.dirs=
10-Jul-2026 14:41:15.545 INFO [main] org.apache.catalina.startup.VersionLoggerListener.log Command line argument: -Dcatalina.base=C:\Users\Dell\Downloads\Servers\apache-tomcat-9.0.120
10-Jul-2026 14:41:15.546 INFO [main] org.apache.catalina.startup.VersionLoggerListener.log Command line argument: -Dcatalina.home=C:\Users\Dell\Downloads\Servers\apache-tomcat-9.0.120
10-Jul-2026 14:41:15.546 INFO [main] org.apache.catalina.startup.VersionLoggerListener.log Command line argument: -Djava.io.tmpdir=C:\Users\Dell\Downloads\Servers\apache-tomcat-9.0.120\temp
10-Jul-2026 14:41:15.550 INFO [main] org.apache.catalina.core.AprLifecycleListener.lifecycleEvent Loaded Apache Tomcat Native library [1.3.8] using APR version [1.7.6].
10-Jul-2026 14:41:15.553 INFO [main] org.apache.catalina.core.AprLifecycleListener.lifecycleEvent APR capabilities: IPv6 [true], sendfile [true], accept filters [false], random [true], UDS [true].
10-Jul-2026 14:41:15.553 INFO [main] org.apache.catalina.core.AprLifecycleListener.lifecycleEvent APR/OpenSSL configuration: useAprConnector [false], useOpenSSL [true]
10-Jul-2026 14:41:15.560 INFO [main] org.apache.catalina.core.AprLifecycleListener.initializeSSL OpenSSL successfully initialized [OpenSSL 3.0.21 9 Jun 2026]
10-Jul-2026 14:41:15.971 INFO [main] org.apache.coyote.AbstractProtocol.init Initializing ProtocolHandler ["http-nio-8080"]
10-Jul-2026 14:41:16.002 INFO [main] org.apache.catalina.startup.Catalina.load Server initialization in [882] milliseconds
10-Jul-2026 14:41:16.066 INFO [main] org.apache.catalina.core.StandardService.startInternal Starting service [Catalina]
10-Jul-2026 14:41:16.067 INFO [main] org.apache.catalina.core.StandardEngine.startInternal Starting Servlet engine: [Apache Tomcat/9.0.120]
10-Jul-2026 14:41:16.083 INFO [main] org.apache.catalina.startup.HostConfig.deployDirectory Deploying web application directory [C:\Users\Dell\Downloads\Servers\apache-tomcat-9.0.120\webapps\docs]
10-Jul-2026 14:41:16.599 INFO [main] org.apache.catalina.startup.HostConfig.deployDirectory Deployment of web application directory [C:\Users\Dell\Downloads\Servers\apache-tomcat-9.0.120\webapps\docs] has finished in [515] ms
10-Jul-2026 14:41:16.600 INFO [main] org.apache.catalina.startup.HostConfig.deployDirectory Deploying web application directory [C:\Users\Dell\Downloads\Servers\apache-tomcat-9.0.120\webapps\examples]
10-Jul-2026 14:41:17.202 INFO [main] org.apache.catalina.startup.HostConfig.deployDirectory Deployment of web application directory [C:\Users\Dell\Downloads\Servers\apache-tomcat-9.0.120\webapps\examples] has finished in [603] ms
10-Jul-2026 14:41:17.203 INFO [main] org.apache.catalina.startup.HostConfig.deployDirectory Deploying web application directory [C:\Users\Dell\Downloads\Servers\apache-tomcat-9.0.120\webapps\host-manager]
10-Jul-2026 14:41:17.263 INFO [main] org.apache.catalina.startup.HostConfig.deployDirectory Deployment of web application directory [C:\Users\Dell\Downloads\Servers\apache-tomcat-9.0.120\webapps\host-manager] has finished in [59] ms
10-Jul-2026 14:41:17.264 INFO [main] org.apache.catalina.startup.HostConfig.deployDirectory Deploying web application directory [C:\Users\Dell\Downloads\Servers\apache-tomcat-9.0.120\webapps\manager]
10-Jul-2026 14:41:17.316 INFO [main] org.apache.catalina.startup.HostConfig.deployDirectory Deployment of web application directory [C:\Users\Dell\Downloads\Servers\apache-tomcat-9.0.120\webapps\manager] has finished in [53] ms
10-Jul-2026 14:41:17.317 INFO [main] org.apache.catalina.startup.HostConfig.deployDirectory Deploying web application directory [C:\Users\Dell\Downloads\Servers\apache-tomcat-9.0.120\webapps\ROOT]
10-Jul-2026 14:41:17.363 INFO [main] org.apache.catalina.startup.HostConfig.deployDirectory Deployment of web application directory [C:\Users\Dell\Downloads\Servers\apache-tomcat-9.0.120\webapps\ROOT] has finished in [46] ms
10-Jul-2026 14:41:17.370 INFO [main] org.apache.coyote.AbstractProtocol.start Starting ProtocolHandler ["http-nio-8080"]
10-Jul-2026 14:41:17.421 INFO [main] org.apache.catalina.startup.Catalina.start Server startup in [1418] milliseconds
10-Jul-2026 14:42:39.264 INFO [Thread-1] org.apache.coyote.AbstractProtocol.pause Pausing ProtocolHandler ["http-nio-8080"]
10-Jul-2026 14:42:39.392 INFO [Thread-1] org.apache.catalina.core.StandardService.stopInternal Stopping service [Catalina]
10-Jul-2026 14:42:39.458 INFO [Thread-1] org.apache.coyote.AbstractProtocol.stop Stopping ProtocolHandler ["http-nio-8080"]
10-Jul-2026 14:42:39.472 INFO [Thread-1] org.apache.coyote.AbstractProtocol.destroy Destroying ProtocolHandler ["http-nio-8080"]
10-Jul-2026 14:46:07.378 INFO [main] org.apache.catalina.startup.VersionLoggerListener.log Server version name:   Apache Tomcat/9.0.120
10-Jul-2026 14:46:07.393 INFO [main] org.apache.catalina.startup.VersionLoggerListener.log Server built:          Jul 3 2026 07:49:53 UTC
10-Jul-2026 14:46:07.395 INFO [main] org.apache.catalina.startup.VersionLoggerListener.log Server version number: 9.0.120.0
10-Jul-2026 14:46:07.396 INFO [main] org.apache.catalina.startup.VersionLoggerListener.log OS Name:               Windows 10
10-Jul-2026 14:46:07.396 INFO [main] org.apache.catalina.startup.VersionLoggerListener.log OS Version:            10.0
10-Jul-2026 14:46:07.397 INFO [main] org.apache.catalina.startup.VersionLoggerListener.log Architecture:          amd64
10-Jul-2026 14:46:07.397 INFO [main] org.apache.catalina.startup.VersionLoggerListener.log Java Home:             C:\Program Files\Java\jdk-17
10-Jul-2026 14:46:07.398 INFO [main] org.apache.catalina.startup.VersionLoggerListener.log JVM Version:           17.0.10+11-LTS-240
10-Jul-2026 14:46:07.398 INFO [main] org.apache.catalina.startup.VersionLoggerListener.log JVM Vendor:            Oracle Corporation
10-Jul-2026 14:46:07.399 INFO [main] org.apache.catalina.startup.VersionLoggerListener.log CATALINA_BASE:         C:\Users\Dell\Downloads\Servers\apache-tomcat-9.0.120
10-Jul-2026 14:46:07.400 INFO [main] org.apache.catalina.startup.VersionLoggerListener.log CATALINA_HOME:         C:\Users\Dell\Downloads\Servers\apache-tomcat-9.0.120
10-Jul-2026 14:46:07.427 INFO [main] org.apache.catalina.startup.VersionLoggerListener.log Command line argument: --add-opens=java.base/java.lang=ALL-UNNAMED
10-Jul-2026 14:46:07.428 INFO [main] org.apache.catalina.startup.VersionLoggerListener.log Command line argument: --add-opens=java.base/java.lang.invoke=ALL-UNNAMED
10-Jul-2026 14:46:07.430 INFO [main] org.apache.catalina.startup.VersionLoggerListener.log Command line argument: --add-opens=java.base/java.lang.reflect=ALL-UNNAMED
10-Jul-2026 14:46:07.431 INFO [main] org.apache.catalina.startup.VersionLoggerListener.log Command line argument: --add-opens=java.base/java.io=ALL-UNNAMED
10-Jul-2026 14:46:07.432 INFO [main] org.apache.catalina.startup.VersionLoggerListener.log Command line argument: --add-opens=java.base/java.util=ALL-UNNAMED
10-Jul-2026 14:46:07.435 INFO [main] org.apache.catalina.startup.VersionLoggerListener.log Command line argument: --add-opens=java.base/java.util.concurrent=ALL-UNNAMED
10-Jul-2026 14:46:07.436 INFO [main] org.apache.catalina.startup.VersionLoggerListener.log Command line argument: --add-opens=java.rmi/sun.rmi.transport=ALL-UNNAMED
10-Jul-2026 14:46:07.438 INFO [main] org.apache.catalina.startup.VersionLoggerListener.log Command line argument: -Djava.util.logging.config.file=C:\Users\Dell\Downloads\Servers\apache-tomcat-9.0.120\conf\logging.properties
10-Jul-2026 14:46:07.439 INFO [main] org.apache.catalina.startup.VersionLoggerListener.log Command line argument: -Djava.util.logging.manager=org.apache.juli.ClassLoaderLogManager
10-Jul-2026 14:46:07.440 INFO [main] org.apache.catalina.startup.VersionLoggerListener.log Command line argument: -Djdk.tls.ephemeralDHKeySize=2048
10-Jul-2026 14:46:07.442 INFO [main] org.apache.catalina.startup.VersionLoggerListener.log Command line argument: -Djava.protocol.handler.pkgs=org.apache.catalina.webresources
10-Jul-2026 14:46:07.443 INFO [main] org.apache.catalina.startup.VersionLoggerListener.log Command line argument: -Dsun.io.useCanonCaches=false
10-Jul-2026 14:46:07.444 INFO [main] org.apache.catalina.startup.VersionLoggerListener.log Command line argument: -Dignore.endorsed.dirs=
10-Jul-2026 14:46:07.445 INFO [main] org.apache.catalina.startup.VersionLoggerListener.log Command line argument: -Dcatalina.base=C:\Users\Dell\Downloads\Servers\apache-tomcat-9.0.120
10-Jul-2026 14:46:07.447 INFO [main] org.apache.catalina.startup.VersionLoggerListener.log Command line argument: -Dcatalina.home=C:\Users\Dell\Downloads\Servers\apache-tomcat-9.0.120
10-Jul-2026 14:46:07.448 INFO [main] org.apache.catalina.startup.VersionLoggerListener.log Command line argument: -Djava.io.tmpdir=C:\Users\Dell\Downloads\Servers\apache-tomcat-9.0.120\temp
10-Jul-2026 14:46:07.460 INFO [main] org.apache.catalina.core.AprLifecycleListener.lifecycleEvent Loaded Apache Tomcat Native library [1.3.8] using APR version [1.7.6].
10-Jul-2026 14:46:07.460 INFO [main] org.apache.catalina.core.AprLifecycleListener.lifecycleEvent APR capabilities: IPv6 [true], sendfile [true], accept filters [false], random [true], UDS [true].
10-Jul-2026 14:46:07.461 INFO [main] org.apache.catalina.core.AprLifecycleListener.lifecycleEvent APR/OpenSSL configuration: useAprConnector [false], useOpenSSL [true]
10-Jul-2026 14:46:07.478 INFO [main] org.apache.catalina.core.AprLifecycleListener.initializeSSL OpenSSL successfully initialized [OpenSSL 3.0.21 9 Jun 2026]
10-Jul-2026 14:46:08.000 INFO [main] org.apache.coyote.AbstractProtocol.init Initializing ProtocolHandler ["http-nio-8080"]
10-Jul-2026 14:46:08.018 SEVERE [main] org.apache.catalina.util.LifecycleBase.handleSubClassException Failed to initialize component [Connector["http-nio-8080"]]
	org.apache.catalina.LifecycleException: Protocol handler initialization failed
		at org.apache.catalina.connector.Connector.initInternal(Connector.java:1273)
		at org.apache.catalina.util.LifecycleBase.init(LifecycleBase.java:128)
		at org.apache.catalina.core.StandardService.initInternal(StandardService.java:543)
		at org.apache.catalina.util.LifecycleBase.init(LifecycleBase.java:128)
		at org.apache.catalina.core.StandardServer.initInternal(StandardServer.java:991)
		at org.apache.catalina.util.LifecycleBase.init(LifecycleBase.java:128)
		at org.apache.catalina.startup.Catalina.load(Catalina.java:810)
		at org.apache.catalina.startup.Catalina.load(Catalina.java:835)
		at java.base/jdk.internal.reflect.NativeMethodAccessorImpl.invoke0(Native Method)
		at java.base/jdk.internal.reflect.NativeMethodAccessorImpl.invoke(NativeMethodAccessorImpl.java:77)
		at java.base/jdk.internal.reflect.DelegatingMethodAccessorImpl.invoke(DelegatingMethodAccessorImpl.java:43)
		at java.base/java.lang.reflect.Method.invoke(Method.java:568)
		at org.apache.catalina.startup.Bootstrap.load(Bootstrap.java:305)
		at org.apache.catalina.startup.Bootstrap.main(Bootstrap.java:484)
	Caused by: java.net.BindException: Address already in use: bind
		at java.base/sun.nio.ch.Net.bind0(Native Method)
		at java.base/sun.nio.ch.Net.bind(Net.java:555)
		at java.base/sun.nio.ch.ServerSocketChannelImpl.netBind(ServerSocketChannelImpl.java:337)
		at java.base/sun.nio.ch.ServerSocketChannelImpl.bind(ServerSocketChannelImpl.java:294)
		at org.apache.tomcat.util.net.NioEndpoint.initServerSocket(NioEndpoint.java:370)
		at org.apache.tomcat.util.net.NioEndpoint.bind(NioEndpoint.java:320)
		at org.apache.tomcat.util.net.AbstractEndpoint.bindWithCleanup(AbstractEndpoint.java:1987)
		at org.apache.tomcat.util.net.AbstractEndpoint.init(AbstractEndpoint.java:2005)
		at org.apache.coyote.AbstractProtocol.init(AbstractProtocol.java:992)
		at org.apache.coyote.http11.AbstractHttp11Protocol.init(AbstractHttp11Protocol.java:93)
		at org.apache.catalina.connector.Connector.initInternal(Connector.java:1271)
		... 13 more
10-Jul-2026 14:46:08.021 INFO [main] org.apache.catalina.startup.Catalina.load Server initialization in [1203] milliseconds
10-Jul-2026 14:46:08.069 INFO [main] org.apache.catalina.core.StandardService.startInternal Starting service [Catalina]
10-Jul-2026 14:46:08.069 INFO [main] org.apache.catalina.core.StandardEngine.startInternal Starting Servlet engine: [Apache Tomcat/9.0.120]
10-Jul-2026 14:46:08.081 INFO [main] org.apache.catalina.startup.HostConfig.deployDirectory Deploying web application directory [C:\Users\Dell\Downloads\Servers\apache-tomcat-9.0.120\webapps\docs]
10-Jul-2026 14:46:08.471 INFO [main] org.apache.catalina.startup.HostConfig.deployDirectory Deployment of web application directory [C:\Users\Dell\Downloads\Servers\apache-tomcat-9.0.120\webapps\docs] has finished in [389] ms
10-Jul-2026 14:46:08.471 INFO [main] org.apache.catalina.startup.HostConfig.deployDirectory Deploying web application directory [C:\Users\Dell\Downloads\Servers\apache-tomcat-9.0.120\webapps\examples]
10-Jul-2026 14:46:08.987 INFO [main] org.apache.catalina.startup.HostConfig.deployDirectory Deployment of web application directory [C:\Users\Dell\Downloads\Servers\apache-tomcat-9.0.120\webapps\examples] has finished in [516] ms
10-Jul-2026 14:46:08.988 INFO [main] org.apache.catalina.startup.HostConfig.deployDirectory Deploying web application directory [C:\Users\Dell\Downloads\Servers\apache-tomcat-9.0.120\webapps\host-manager]
10-Jul-2026 14:46:09.031 INFO [main] org.apache.catalina.startup.HostConfig.deployDirectory Deployment of web application directory [C:\Users\Dell\Downloads\Servers\apache-tomcat-9.0.120\webapps\host-manager] has finished in [43] ms
10-Jul-2026 14:46:09.032 INFO [main] org.apache.catalina.startup.HostConfig.deployDirectory Deploying web application directory [C:\Users\Dell\Downloads\Servers\apache-tomcat-9.0.120\webapps\manager]
10-Jul-2026 14:46:09.074 INFO [main] org.apache.catalina.startup.HostConfig.deployDirectory Deployment of web application directory [C:\Users\Dell\Downloads\Servers\apache-tomcat-9.0.120\webapps\manager] has finished in [41] ms
10-Jul-2026 14:46:09.074 INFO [main] org.apache.catalina.startup.HostConfig.deployDirectory Deploying web application directory [C:\Users\Dell\Downloads\Servers\apache-tomcat-9.0.120\webapps\ROOT]
10-Jul-2026 14:46:09.110 INFO [main] org.apache.catalina.startup.HostConfig.deployDirectory Deployment of web application directory [C:\Users\Dell\Downloads\Servers\apache-tomcat-9.0.120\webapps\ROOT] has finished in [36] ms
10-Jul-2026 14:46:09.118 INFO [main] org.apache.catalina.startup.Catalina.start Server startup in [1096] milliseconds
10-Jul-2026 14:47:41.453 INFO [Thread-1] org.apache.coyote.AbstractProtocol.pause Pausing ProtocolHandler ["http-nio-8080"]
10-Jul-2026 14:47:41.455 INFO [Thread-1] org.apache.catalina.core.StandardService.stopInternal Stopping service [Catalina]
10-Jul-2026 14:47:41.526 INFO [Thread-1] org.apache.coyote.AbstractProtocol.stop Stopping ProtocolHandler ["http-nio-8080"]
10-Jul-2026 14:47:41.530 INFO [Thread-1] org.apache.coyote.AbstractProtocol.destroy Destroying ProtocolHandler ["http-nio-8080"]
10-Jul-2026 14:51:41.649 INFO [main] org.apache.catalina.startup.VersionLoggerListener.log Server version name:   Apache Tomcat/9.0.120
10-Jul-2026 14:51:41.662 INFO [main] org.apache.catalina.startup.VersionLoggerListener.log Server built:          Jul 3 2026 07:49:53 UTC
10-Jul-2026 14:51:41.663 INFO [main] org.apache.catalina.startup.VersionLoggerListener.log Server version number: 9.0.120.0
10-Jul-2026 14:51:41.663 INFO [main] org.apache.catalina.startup.VersionLoggerListener.log OS Name:               Windows 10
10-Jul-2026 14:51:41.663 INFO [main] org.apache.catalina.startup.VersionLoggerListener.log OS Version:            10.0
10-Jul-2026 14:51:41.664 INFO [main] org.apache.catalina.startup.VersionLoggerListener.log Architecture:          amd64
10-Jul-2026 14:51:41.664 INFO [main] org.apache.catalina.startup.VersionLoggerListener.log Java Home:             C:\Program Files\Java\jdk-17
10-Jul-2026 14:51:41.664 INFO [main] org.apache.catalina.startup.VersionLoggerListener.log JVM Version:           17.0.10+11-LTS-240
10-Jul-2026 14:51:41.665 INFO [main] org.apache.catalina.startup.VersionLoggerListener.log JVM Vendor:            Oracle Corporation
10-Jul-2026 14:51:41.665 INFO [main] org.apache.catalina.startup.VersionLoggerListener.log CATALINA_BASE:         C:\Users\Dell\Downloads\Servers\apache-tomcat-9.0.120
10-Jul-2026 14:51:41.665 INFO [main] org.apache.catalina.startup.VersionLoggerListener.log CATALINA_HOME:         C:\Users\Dell\Downloads\Servers\apache-tomcat-9.0.120
10-Jul-2026 14:51:41.678 INFO [main] org.apache.catalina.startup.VersionLoggerListener.log Command line argument: --add-opens=java.base/java.lang=ALL-UNNAMED
10-Jul-2026 14:51:41.678 INFO [main] org.apache.catalina.startup.VersionLoggerListener.log Command line argument: --add-opens=java.base/java.lang.invoke=ALL-UNNAMED
10-Jul-2026 14:51:41.678 INFO [main] org.apache.catalina.startup.VersionLoggerListener.log Command line argument: --add-opens=java.base/java.lang.reflect=ALL-UNNAMED
10-Jul-2026 14:51:41.678 INFO [main] org.apache.catalina.startup.VersionLoggerListener.log Command line argument: --add-opens=java.base/java.io=ALL-UNNAMED
10-Jul-2026 14:51:41.679 INFO [main] org.apache.catalina.startup.VersionLoggerListener.log Command line argument: --add-opens=java.base/java.util=ALL-UNNAMED
10-Jul-2026 14:51:41.680 INFO [main] org.apache.catalina.startup.VersionLoggerListener.log Command line argument: --add-opens=java.base/java.util.concurrent=ALL-UNNAMED
10-Jul-2026 14:51:41.680 INFO [main] org.apache.catalina.startup.VersionLoggerListener.log Command line argument: --add-opens=java.rmi/sun.rmi.transport=ALL-UNNAMED
10-Jul-2026 14:51:41.681 INFO [main] org.apache.catalina.startup.VersionLoggerListener.log Command line argument: -Djava.util.logging.config.file=C:\Users\Dell\Downloads\Servers\apache-tomcat-9.0.120\conf\logging.properties
10-Jul-2026 14:51:41.682 INFO [main] org.apache.catalina.startup.VersionLoggerListener.log Command line argument: -Djava.util.logging.manager=org.apache.juli.ClassLoaderLogManager
10-Jul-2026 14:51:41.682 INFO [main] org.apache.catalina.startup.VersionLoggerListener.log Command line argument: -Djdk.tls.ephemeralDHKeySize=2048
10-Jul-2026 14:51:41.683 INFO [main] org.apache.catalina.startup.VersionLoggerListener.log Command line argument: -Djava.protocol.handler.pkgs=org.apache.catalina.webresources
10-Jul-2026 14:51:41.683 INFO [main] org.apache.catalina.startup.VersionLoggerListener.log Command line argument: -Dsun.io.useCanonCaches=false
10-Jul-2026 14:51:41.684 INFO [main] org.apache.catalina.startup.VersionLoggerListener.log Command line argument: -Dignore.endorsed.dirs=
10-Jul-2026 14:51:41.684 INFO [main] org.apache.catalina.startup.VersionLoggerListener.log Command line argument: -Dcatalina.base=C:\Users\Dell\Downloads\Servers\apache-tomcat-9.0.120
10-Jul-2026 14:51:41.685 INFO [main] org.apache.catalina.startup.VersionLoggerListener.log Command line argument: -Dcatalina.home=C:\Users\Dell\Downloads\Servers\apache-tomcat-9.0.120
10-Jul-2026 14:51:41.685 INFO [main] org.apache.catalina.startup.VersionLoggerListener.log Command line argument: -Djava.io.tmpdir=C:\Users\Dell\Downloads\Servers\apache-tomcat-9.0.120\temp
10-Jul-2026 14:51:41.690 INFO [main] org.apache.catalina.core.AprLifecycleListener.lifecycleEvent Loaded Apache Tomcat Native library [1.3.8] using APR version [1.7.6].
10-Jul-2026 14:51:41.690 INFO [main] org.apache.catalina.core.AprLifecycleListener.lifecycleEvent APR capabilities: IPv6 [true], sendfile [true], accept filters [false], random [true], UDS [true].
10-Jul-2026 14:51:41.691 INFO [main] org.apache.catalina.core.AprLifecycleListener.lifecycleEvent APR/OpenSSL configuration: useAprConnector [false], useOpenSSL [true]
10-Jul-2026 14:51:41.697 INFO [main] org.apache.catalina.core.AprLifecycleListener.initializeSSL OpenSSL successfully initialized [OpenSSL 3.0.21 9 Jun 2026]
10-Jul-2026 14:51:42.093 INFO [main] org.apache.coyote.AbstractProtocol.init Initializing ProtocolHandler ["http-nio-8080"]
10-Jul-2026 14:51:42.128 INFO [main] org.apache.catalina.startup.Catalina.load Server initialization in [805] milliseconds
10-Jul-2026 14:51:42.213 INFO [main] org.apache.catalina.core.StandardService.startInternal Starting service [Catalina]
10-Jul-2026 14:51:42.213 INFO [main] org.apache.catalina.core.StandardEngine.startInternal Starting Servlet engine: [Apache Tomcat/9.0.120]
10-Jul-2026 14:51:42.230 INFO [main] org.apache.catalina.startup.HostConfig.deployDirectory Deploying web application directory [C:\Users\Dell\Downloads\Servers\apache-tomcat-9.0.120\webapps\docs]
10-Jul-2026 14:51:42.750 INFO [main] org.apache.catalina.startup.HostConfig.deployDirectory Deployment of web application directory [C:\Users\Dell\Downloads\Servers\apache-tomcat-9.0.120\webapps\docs] has finished in [520] ms
10-Jul-2026 14:51:42.751 INFO [main] org.apache.catalina.startup.HostConfig.deployDirectory Deploying web application directory [C:\Users\Dell\Downloads\Servers\apache-tomcat-9.0.120\webapps\examples]
10-Jul-2026 14:51:43.271 INFO [main] org.apache.catalina.startup.HostConfig.deployDirectory Deployment of web application directory [C:\Users\Dell\Downloads\Servers\apache-tomcat-9.0.120\webapps\examples] has finished in [520] ms
10-Jul-2026 14:51:43.272 INFO [main] org.apache.catalina.startup.HostConfig.deployDirectory Deploying web application directory [C:\Users\Dell\Downloads\Servers\apache-tomcat-9.0.120\webapps\host-manager]
10-Jul-2026 14:51:43.321 INFO [main] org.apache.catalina.startup.HostConfig.deployDirectory Deployment of web application directory [C:\Users\Dell\Downloads\Servers\apache-tomcat-9.0.120\webapps\host-manager] has finished in [49] ms
10-Jul-2026 14:51:43.321 INFO [main] org.apache.catalina.startup.HostConfig.deployDirectory Deploying web application directory [C:\Users\Dell\Downloads\Servers\apache-tomcat-9.0.120\webapps\manager]
10-Jul-2026 14:51:43.372 INFO [main] org.apache.catalina.startup.HostConfig.deployDirectory Deployment of web application directory [C:\Users\Dell\Downloads\Servers\apache-tomcat-9.0.120\webapps\manager] has finished in [50] ms
10-Jul-2026 14:51:43.372 INFO [main] org.apache.catalina.startup.HostConfig.deployDirectory Deploying web application directory [C:\Users\Dell\Downloads\Servers\apache-tomcat-9.0.120\webapps\ROOT]
10-Jul-2026 14:51:43.406 INFO [main] org.apache.catalina.startup.HostConfig.deployDirectory Deployment of web application directory [C:\Users\Dell\Downloads\Servers\apache-tomcat-9.0.120\webapps\ROOT] has finished in [33] ms
10-Jul-2026 14:51:43.414 INFO [main] org.apache.coyote.AbstractProtocol.start Starting ProtocolHandler ["http-nio-8080"]
10-Jul-2026 14:51:43.464 INFO [main] org.apache.catalina.startup.Catalina.start Server startup in [1335] milliseconds
10-Jul-2026 14:54:16.449 INFO [Thread-1] org.apache.coyote.AbstractProtocol.pause Pausing ProtocolHandler ["http-nio-8080"]
10-Jul-2026 14:54:16.577 INFO [Thread-1] org.apache.catalina.core.StandardService.stopInternal Stopping service [Catalina]
10-Jul-2026 14:54:16.645 INFO [Thread-1] org.apache.coyote.AbstractProtocol.stop Stopping ProtocolHandler ["http-nio-8080"]
10-Jul-2026 14:54:16.666 INFO [Thread-1] org.apache.coyote.AbstractProtocol.destroy Destroying ProtocolHandler ["http-nio-8080"]
10-Jul-2026 15:07:08.462 INFO [main] org.apache.catalina.startup.VersionLoggerListener.log Server version name:   Apache Tomcat/9.0.120
10-Jul-2026 15:07:08.472 INFO [main] org.apache.catalina.startup.VersionLoggerListener.log Server built:          Jul 3 2026 07:49:53 UTC
10-Jul-2026 15:07:08.473 INFO [main] org.apache.catalina.startup.VersionLoggerListener.log Server version number: 9.0.120.0
10-Jul-2026 15:07:08.473 INFO [main] org.apache.catalina.startup.VersionLoggerListener.log OS Name:               Windows 10
10-Jul-2026 15:07:08.473 INFO [main] org.apache.catalina.startup.VersionLoggerListener.log OS Version:            10.0
10-Jul-2026 15:07:08.474 INFO [main] org.apache.catalina.startup.VersionLoggerListener.log Architecture:          amd64
10-Jul-2026 15:07:08.474 INFO [main] org.apache.catalina.startup.VersionLoggerListener.log Java Home:             C:\Program Files\Java\jdk-17
10-Jul-2026 15:07:08.474 INFO [main] org.apache.catalina.startup.VersionLoggerListener.log JVM Version:           17.0.10+11-LTS-240
10-Jul-2026 15:07:08.474 INFO [main] org.apache.catalina.startup.VersionLoggerListener.log JVM Vendor:            Oracle Corporation
10-Jul-2026 15:07:08.475 INFO [main] org.apache.catalina.startup.VersionLoggerListener.log CATALINA_BASE:         C:\Users\Dell\Downloads\Servers\apache-tomcat-9.0.120
10-Jul-2026 15:07:08.475 INFO [main] org.apache.catalina.startup.VersionLoggerListener.log CATALINA_HOME:         C:\Users\Dell\Downloads\Servers\apache-tomcat-9.0.120
10-Jul-2026 15:07:08.490 INFO [main] org.apache.catalina.startup.VersionLoggerListener.log Command line argument: --add-opens=java.base/java.lang=ALL-UNNAMED
10-Jul-2026 15:07:08.491 INFO [main] org.apache.catalina.startup.VersionLoggerListener.log Command line argument: --add-opens=java.base/java.lang.invoke=ALL-UNNAMED
10-Jul-2026 15:07:08.491 INFO [main] org.apache.catalina.startup.VersionLoggerListener.log Command line argument: --add-opens=java.base/java.lang.reflect=ALL-UNNAMED
10-Jul-2026 15:07:08.491 INFO [main] org.apache.catalina.startup.VersionLoggerListener.log Command line argument: --add-opens=java.base/java.io=ALL-UNNAMED
10-Jul-2026 15:07:08.492 INFO [main] org.apache.catalina.startup.VersionLoggerListener.log Command line argument: --add-opens=java.base/java.util=ALL-UNNAMED
10-Jul-2026 15:07:08.493 INFO [main] org.apache.catalina.startup.VersionLoggerListener.log Command line argument: --add-opens=java.base/java.util.concurrent=ALL-UNNAMED
10-Jul-2026 15:07:08.493 INFO [main] org.apache.catalina.startup.VersionLoggerListener.log Command line argument: --add-opens=java.rmi/sun.rmi.transport=ALL-UNNAMED
10-Jul-2026 15:07:08.494 INFO [main] org.apache.catalina.startup.VersionLoggerListener.log Command line argument: -Djava.util.logging.config.file=C:\Users\Dell\Downloads\Servers\apache-tomcat-9.0.120\conf\logging.properties
10-Jul-2026 15:07:08.494 INFO [main] org.apache.catalina.startup.VersionLoggerListener.log Command line argument: -Djava.util.logging.manager=org.apache.juli.ClassLoaderLogManager
10-Jul-2026 15:07:08.495 INFO [main] org.apache.catalina.startup.VersionLoggerListener.log Command line argument: -Djdk.tls.ephemeralDHKeySize=2048
10-Jul-2026 15:07:08.495 INFO [main] org.apache.catalina.startup.VersionLoggerListener.log Command line argument: -Djava.protocol.handler.pkgs=org.apache.catalina.webresources
10-Jul-2026 15:07:08.496 INFO [main] org.apache.catalina.startup.VersionLoggerListener.log Command line argument: -Dsun.io.useCanonCaches=false
10-Jul-2026 15:07:08.497 INFO [main] org.apache.catalina.startup.VersionLoggerListener.log Command line argument: -Dignore.endorsed.dirs=
10-Jul-2026 15:07:08.497 INFO [main] org.apache.catalina.startup.VersionLoggerListener.log Command line argument: -Dcatalina.base=C:\Users\Dell\Downloads\Servers\apache-tomcat-9.0.120
10-Jul-2026 15:07:08.498 INFO [main] org.apache.catalina.startup.VersionLoggerListener.log Command line argument: -Dcatalina.home=C:\Users\Dell\Downloads\Servers\apache-tomcat-9.0.120
10-Jul-2026 15:07:08.499 INFO [main] org.apache.catalina.startup.VersionLoggerListener.log Command line argument: -Djava.io.tmpdir=C:\Users\Dell\Downloads\Servers\apache-tomcat-9.0.120\temp
10-Jul-2026 15:07:08.506 INFO [main] org.apache.catalina.core.AprLifecycleListener.lifecycleEvent Loaded Apache Tomcat Native library [1.3.8] using APR version [1.7.6].
10-Jul-2026 15:07:08.507 INFO [main] org.apache.catalina.core.AprLifecycleListener.lifecycleEvent APR capabilities: IPv6 [true], sendfile [true], accept filters [false], random [true], UDS [true].
10-Jul-2026 15:07:08.507 INFO [main] org.apache.catalina.core.AprLifecycleListener.lifecycleEvent APR/OpenSSL configuration: useAprConnector [false], useOpenSSL [true]
10-Jul-2026 15:07:08.513 INFO [main] org.apache.catalina.core.AprLifecycleListener.initializeSSL OpenSSL successfully initialized [OpenSSL 3.0.21 9 Jun 2026]
10-Jul-2026 15:07:08.931 INFO [main] org.apache.coyote.AbstractProtocol.init Initializing ProtocolHandler ["http-nio-8080"]
10-Jul-2026 15:07:08.966 INFO [main] org.apache.catalina.startup.Catalina.load Server initialization in [816] milliseconds
10-Jul-2026 15:07:09.021 INFO [main] org.apache.catalina.core.StandardService.startInternal Starting service [Catalina]
10-Jul-2026 15:07:09.022 INFO [main] org.apache.catalina.core.StandardEngine.startInternal Starting Servlet engine: [Apache Tomcat/9.0.120]
10-Jul-2026 15:07:09.035 INFO [main] org.apache.catalina.startup.HostConfig.deployDirectory Deploying web application directory [C:\Users\Dell\Downloads\Servers\apache-tomcat-9.0.120\webapps\docs]
10-Jul-2026 15:07:09.533 INFO [main] org.apache.catalina.startup.HostConfig.deployDirectory Deployment of web application directory [C:\Users\Dell\Downloads\Servers\apache-tomcat-9.0.120\webapps\docs] has finished in [495] ms
10-Jul-2026 15:07:09.533 INFO [main] org.apache.catalina.startup.HostConfig.deployDirectory Deploying web application directory [C:\Users\Dell\Downloads\Servers\apache-tomcat-9.0.120\webapps\examples]
10-Jul-2026 15:07:10.058 INFO [main] org.apache.catalina.startup.HostConfig.deployDirectory Deployment of web application directory [C:\Users\Dell\Downloads\Servers\apache-tomcat-9.0.120\webapps\examples] has finished in [525] ms
10-Jul-2026 15:07:10.059 INFO [main] org.apache.catalina.startup.HostConfig.deployDirectory Deploying web application directory [C:\Users\Dell\Downloads\Servers\apache-tomcat-9.0.120\webapps\host-manager]
10-Jul-2026 15:07:10.107 INFO [main] org.apache.catalina.startup.HostConfig.deployDirectory Deployment of web application directory [C:\Users\Dell\Downloads\Servers\apache-tomcat-9.0.120\webapps\host-manager] has finished in [48] ms
10-Jul-2026 15:07:10.108 INFO [main] org.apache.catalina.startup.HostConfig.deployDirectory Deploying web application directory [C:\Users\Dell\Downloads\Servers\apache-tomcat-9.0.120\webapps\manager]
10-Jul-2026 15:07:10.157 INFO [main] org.apache.catalina.startup.HostConfig.deployDirectory Deployment of web application directory [C:\Users\Dell\Downloads\Servers\apache-tomcat-9.0.120\webapps\manager] has finished in [48] ms
10-Jul-2026 15:07:10.157 INFO [main] org.apache.catalina.startup.HostConfig.deployDirectory Deploying web application directory [C:\Users\Dell\Downloads\Servers\apache-tomcat-9.0.120\webapps\ROOT]
10-Jul-2026 15:07:10.191 INFO [main] org.apache.catalina.startup.HostConfig.deployDirectory Deployment of web application directory [C:\Users\Dell\Downloads\Servers\apache-tomcat-9.0.120\webapps\ROOT] has finished in [34] ms
10-Jul-2026 15:07:10.199 INFO [main] org.apache.coyote.AbstractProtocol.start Starting ProtocolHandler ["http-nio-8080"]
10-Jul-2026 15:07:10.253 INFO [main] org.apache.catalina.startup.Catalina.start Server startup in [1286] milliseconds
